t,speed_now,speed_ref,yaw_now,yaw_ref,yaw_err_deg,steer,accel,traj_x,traj_y
0.1,0.0,3.0,-1.593737006187439,-1.593737006187439,0.0,-0.0029501032549887896,1.5,199.989990234375,230.59999084472656
0.2,0.0002657985605765134,3.0,-1.593737006187439,-1.593737006187439,0.0,-0.0011621619341894984,1.5,199.989990234375,230.59999084472656
0.30000000000000004,0.001030454644933343,3.0,-1.593737006187439,-1.593737006187439,0.0,-0.0011621619341894984,1.5,199.989990234375,230.59999084472656
0.4,0.001100997906178236,3.0,-1.593737006187439,-1.593737006187439,0.0,-0.0011621619341894984,1.5,199.989990234375,230.59999084472656
0.5,0.0008452034089714289,3.0,-1.593737006187439,-1.593737006187439,0.0,-0.0011621619341894984,1.5,199.989990234375,230.59999084472656
0.6000000000000001,0.0004200267721898854,3.0,-1.593737006187439,-1.593737006187439,0.0,-0.0011621619341894984,1.5,199.989990234375,230.59999084472656
0.7000000000000001,0.18331469595432281,3.0,-1.5937318801879883,-1.593737006187439,-0.0002936981343105483,-0.001114754006266594,1.5,199.9899444580078,230.5969696044922
0.8,0.9675331711769104,3.0,-1.5936098098754883,-1.593737006187439,-0.007287811844403605,-0.0008978176629170775,1.5,199.98500061035156,230.3778533935547
0.9,1.4512776136398315,3.0,-1.5934815406799316,-1.593737006187439,-0.014637095391337325,-0.0014222582103684545,1.5,199.9770050048828,230.00770568847656
1.0,1.9041043519973755,3.0,-1.5941156148910522,-1.593737006187439,0.021692680803960498,0.0013122238451614976,1.091100811958313,199.96481323242188,229.505615234375
1.1,2.3492751121520996,3.0,-1.594496488571167,-1.593737006187439,0.04351513520215124,0.0009678906062617898,0.6681885719299316,199.94921875,228.86370849609375
1.2000000000000002,2.58445143699646,3.0,-1.5944737195968628,-1.593737006187439,0.04221056907067879,0.00023203172895591706,0.44477105140686035,199.9374542236328,228.3690643310547
1.3,2.8551442623138428,3.0,-1.5939329862594604,-1.593737006187439,0.011228830995500963,-0.0005350567516870797,0.18761295080184937,199.91900634765625,227.55079650878906
1.4000000000000001,3.036435127258301,3.0,-1.5933380126953125,-1.593737006187439,-0.022860643152032675,0.013289561495184898,0.0152044128626585,199.89950561523438,226.66456604003906
1.5,2.8330507278442383,3.0,-1.5947422981262207,-1.593737006187439,0.05759898527071753,-0.0016198852099478245,0.20860181748867035,199.8764190673828,225.76663208007812
1.6,2.798370361328125,3.0,-1.5942984819412231,-1.593737006187439,0.03217019099076006,-0.0005342052318155766,0.24154822528362274,199.85723876953125,224.93536376953125
1.7000000000000002,2.968820333480835,3.0,-1.5937423706054688,-1.593737006187439,0.0003073585126505738,-0.0032641382422298193,0.0796205922961235,199.83786010742188,224.06997680664062
1.8,3.042994260787964,3.0,-1.5928568840026855,-1.593737006187439,-0.05042728664220414,0.01327080000191927,0.008661261759698391,199.81866455078125,223.16368103027344
1.9000000000000001,2.9785869121551514,3.0,-1.5942658185958862,-1.593737006187439,0.030298719158176564,-0.001452264841645956,0.06982805579900742,199.79591369628906,222.26171875
2.0,2.9869372844696045,3.0,-1.5940834283828735,-1.593737006187439,0.019848529728057056,-0.0024543050676584244,0.06208712235093117,199.78225708007812,221.66677856445312
2.1,3.0205087661743164,3.0,-1.5935022830963135,-1.593737006187439,-0.013448642475755107,-0.0028593840543180704,0.029922645539045334,199.7621612548828,220.76329040527344
2.2,2.992913246154785,3.0,-1.5927287340164185,-1.593737006187439,-0.057769739999967845,-0.0004926580004394054,0.05619807168841362,199.74313354492188,219.864501953125
2.3000000000000003,3.0345022678375244,3.0,-1.5940076112747192,-1.593737006187439,0.015504529415928945,0.001223058090545237,0.016261693090200424,199.72119140625,218.9583282470703
2.4000000000000004,2.991161823272705,3.0,-1.5939946174621582,-1.593737006187439,0.014760038796397552,-0.0022028135135769844,0.057393401861190796,199.70016479492188,218.05670166015625
2.5,3.0361568927764893,3.0,-1.5934438705444336,-1.593737006187439,-0.016795435169061356,-0.0028419240843504667,0.014391244389116764,199.68023681640625,217.15443420410156
2.6,2.9892005920410156,3.0,-1.5927780866622925,-1.593737006187439,-0.05494204168358257,0.013698942959308624,0.05886933580040932,199.660888671875,216.25059509277344
2.7,3.0301036834716797,3.0,-1.5942178964614868,-1.593737006187439,0.027552983111831436,0.0011448489967733622,0.01985003426671028,199.63819885253906,215.35025024414062
2.8000000000000003,2.9910664558410645,3.0,-1.593885898590088,-1.593737006187439,0.008530906273345925,-0.00011378631461411715,0.056798603385686874,199.6174774169922,214.446533203125
2.9000000000000004,3.0411300659179688,3.0,-1.5931947231292725,-1.593737006187439,-0.031070530534388005,-0.0005316833849065006,0.008971234783530235,199.59774780273438,213.5443878173828
3.0,2.99957537651062,3.0,-1.592628002166748,-1.593737006187439,-0.06354124984862862,0.013560023158788681,0.04811348021030426,199.578369140625,212.63644409179688
3.1,2.9822096824645996,3.0,-1.594065546989441,-1.593737006187439,0.01882400135255514,-0.001313003129325807,0.06496507674455643,199.55604553222656,211.74411010742188
3.2,3.0162808895111084,3.0,-1.5939923524856567,-1.593737006187439,0.014630265202167312,-0.002198033034801483,0.03250104933977127,199.5421600341797,211.14410400390625
3.3000000000000003,3.0032403469085693,3.0,-1.5934451818466187,-1.593737006187439,-0.016720303088191214,-0.002779983915388584,0.04469969868659973,199.5222625732422,210.2406005859375
3.4000000000000004,3.0021157264709473,3.0,-1.594342827796936,-1.593737006187439,0.0347110213620048,-0.0024477923288941383,0.04578223079442978,199.5008544921875,209.34181213378906
3.5,3.0067946910858154,3.0,-1.5944092273712158,-1.593737006187439,0.0385154367297019,0.0004290964570827782,0.041336510330438614,199.47946166992188,208.44308471679688
3.6,3.0116705894470215,3.0,-1.5939322710037231,-1.593737006187439,0.011187849860480886,-0.0004355469427537173,0.03647156059741974,199.4588165283203,207.5392303466797
3.7,2.996751308441162,3.0,-1.593379020690918,-1.593737006187439,-0.020511058077548293,-0.0031524214427918196,0.05070320889353752,199.43896484375,206.64089965820312
3.8000000000000003,3.019822359085083,3.0,-1.59457528591156,-1.593737006187439,0.04802989024352967,-0.0016093460144475102,0.02849634923040867,199.41673278808594,205.7366943359375
3.9000000000000004,2.975358486175537,3.0,-1.5942929983139038,-1.593737006187439,0.03185600228893947,-0.002372871385887265,0.07096445560455322,199.3958740234375,204.84046936035156
4.0,3.029144287109375,3.0,-1.5936248302459717,-1.593737006187439,-0.0064272080089819985,-0.0005646666395477951,0.019730500876903534,199.37586975097656,203.94085693359375
4.1000000000000005,2.990265130996704,3.0,-1.5928236246109009,-1.593737006187439,-0.052332909420637695,-0.0006563046481460333,0.05654170736670494,199.35659790039062,203.03746032714844
4.2,3.0376009941101074,3.0,-1.594264268875122,-1.593737006187439,0.030209926698966397,-0.0013950318098068237,0.011329138651490211,199.3343963623047,202.13563537597656
4.3,3.016024589538574,3.0,-1.5939797163009644,-1.593737006187439,0.013906265150145961,0.0004663396393880248,0.03157119080424309,199.320556640625,201.52989196777344
4.4,2.9996113777160645,3.0,-1.593711256980896,-1.593737006187439,-0.0014753208607227542,-0.002719060517847538,0.047195542603731155,199.3001251220703,200.63113403320312
4.5,3.0099146366119385,3.0,-1.5930044651031494,-1.593737006187439,-0.041971512449728354,-0.002906110603362322,0.03725915774703026,199.28077697753906,199.72914123535156
4.6000000000000005,3.0057969093322754,3.0,-1.593864917755127,-1.593737006187439,0.007328792979423682,-0.0023614552337676287,0.041056402027606964,199.2597198486328,198.82757568359375
4.7,2.9899027347564697,3.0,-1.5939741134643555,-1.593737006187439,0.01358524625915536,0.0006405533640645444,0.05620824173092842,199.23866271972656,197.92881774902344
4.800000000000001,3.0149242877960205,3.0,-1.5935314893722534,-1.593737006187439,-0.011775246129101982,-0.00012270403385628015,0.0323324091732502,199.2184600830078,197.0286865234375
4.9,2.999159336090088,3.0,-1.5930750370025635,-1.593737006187439,-0.03792804046108081,-0.002880693878978491,0.04716942831873894,199.19869995117188,196.12599182128906
5.0,3.0113306045532227,3.0,-1.5943557024002075,-1.593737006187439,0.035448681792366175,-0.0014416633639484644,0.035618677735328674,199.17665100097656,195.2278289794922
5.1000000000000005,3.0057873725891113,3.0,-1.594153881072998,-1.593737006187439,0.02388517152753459,-0.002255054423585534,0.04067692905664444,199.15565490722656,194.3241424560547
5.2,2.995333194732666,3.0,-1.5938209295272827,-1.593737006187439,0.004808453175688976,-0.0028663130942732096,0.05062476173043251,199.14218139648438,193.724609375
5.300000000000001,3.0173559188842773,3.0,-1.5931408405303955,-1.593737006187439,-0.03415777603923377,0.013558091595768929,0.02961396612226963,199.1226348876953,192.8246612548828
5.4,2.9998905658721924,3.0,-1.594531774520874,-1.593737006187439,0.04553687119647501,0.0009295025374740362,0.04612080007791519,199.0996856689453,191.92306518554688
5.5,3.011997699737549,3.0,-1.5941158533096313,-1.593737006187439,0.021706341182300522,-0.00033660588087514043,0.03458978980779648,199.07891845703125,191.02392578125
5.6000000000000005,3.010643720626831,3.0,-1.5935827493667603,-1.593737006187439,-0.008838264785996499,-0.003085449803620577,0.03565744310617447,199.05880737304688,190.12013244628906
5.7,2.9979257583618164,3.0,-1.5927528142929077,-1.593737006187439,-0.05639004178762527,0.013292353600263596,0.04779597371816635,199.039794921875,189.2218780517578
5.800000000000001,3.0055413246154785,3.0,-1.5941882133483887,-1.593737006187439,0.02585226600849826,-0.0013060574419796467,0.040461696684360504,199.0171661376953,188.32095336914062
5.9,2.869507312774658,2.0,-1.5938136577606201,-1.593737006187439,0.0043918116363181985,-9.416402463102713e-05,-0.7896562218666077,198.99681091308594,187.42721557617188
6.0,2.36356520652771,2.0,-1.5935226678848267,-1.593737006187439,-0.012280680127682925,-0.000541898247320205,-0.3139609396457672,198.98524475097656,186.9069061279297
6.1000000000000005,1.7027297019958496,2.0,-1.5931205749511719,-1.593737006187439,-0.035318908198135934,-0.0033586015924811363,0.31533896923065186,198.9723358154297,186.31028747558594
6.2,1.6298604011535645,2.0,-1.5927329063415527,-1.593737006187439,-0.057530683379017414,0.013099787756800652,0.390258252620697,198.9621124267578,185.8217315673828
6.300000000000001,1.7600395679473877,2.0,-1.593861699104309,-1.593737006187439,0.007144377871833338,-0.00027591694379225373,0.2708795964717865,198.94900512695312,185.31326293945312
6.4,1.8873182535171509,2.0,-1.5940606594085693,-1.593737006187439,0.01854396359658462,-0.0071982587687671185,0.1522621512413025,198.93605041503906,184.76528930664062
6.5,1.9823518991470337,2.0,-1.593427062034607,-1.593737006187439,-0.017758491842033156,-0.003142521483823657,0.06267193704843521,198.92364501953125,184.18405151367188
6.6000000000000005,2.0116524696350098,2.0,-1.5939478874206543,-1.593737006187439,0.012082604641752556,0.0010976997436955571,0.03469819203019142,198.9094696044922,183.5834197998047
6.7,2.0000126361846924,2.0,-1.594378113746643,-1.593737006187439,0.036732757356328576,-0.0005971805658191442,0.04572034999728203,198.89955139160156,183.18284606933594
6.800000000000001,1.9963397979736328,2.0,-1.5964155197143555,-1.593737006187439,0.15346752046101647,-0.0018983939662575722,0.049345243722200394,198.88259887695312,182.5865936279297
6.9,1.9567950963974,2.0,-1.6060700416564941,-1.593737006187439,0.7066308809620092,0.049549467861652374,0.08713965862989426,198.8535919189453,181.9906768798828
7.0,1.9658194780349731,2.0,-1.6412832736968994,-1.593737006187439,2.7242004598920757,0.08637340366840363,0.07922575622797012,198.7775115966797,181.41043090820312
7.1000000000000005,1.9981881380081177,2.0,-1.679185152053833,-1.593737006187439,4.89581812536261,0.07869222015142441,0.04871116951107979,198.67620849609375,180.8263702392578
7.2,1.9784479141235352,2.0,-1.7152252197265625,-1.5937379598617554,6.960707254862525,0.04677534103393555,0.06770443916320801,198.55519104003906,180.243896484375
7.300000000000001,1.982595682144165,2.0,-1.7435486316680908,-1.5937379598617554,8.583519220522533,0.5361642241477966,0.064097099006176,198.4256591796875,179.66583251953125
7.4,1.9726665019989014,2.0,-1.7718859910964966,-1.5937379598617554,10.207130318315436,0.5068473815917969,0.07395470887422562,198.27560424804688,179.0927276611328
7.5,1.9235599040985107,2.0,-1.7978895902633667,-1.58651602268219,12.11081332302471,0.03175012394785881,0.12153666466474533,198.11712646484375,178.52626037597656
7.6000000000000005,1.9742300510406494,2.0,-1.7931174039840698,-1.4962459802627563,17.009479637271212,0.40716272592544556,0.07408271729946136,197.9879608154297,177.9546661376953
7.7,1.9877620935440063,2.0,-1.7810121774673462,-1.4962459802627563,16.3159012478131,-0.3007775545120239,0.06145741045475006,197.8739776611328,177.37240600585938
7.800000000000001,1.9912283420562744,2.0,-1.746172308921814,-1.4059749841690063,19.49187090997733,-0.3678789734840393,0.05820895731449127,197.8093719482422,176.77911376953125
7.9,1.956099033355713,2.0,-1.6938738822937012,-1.3157049417495728,21.66748423611232,0.2005874365568161,0.09170593321323395,197.81829833984375,176.39047241210938
8.0,1.9095128774642944,2.0,-1.6470158100128174,-1.3157049417495728,18.982714458298727,-0.4981825053691864,0.13596275448799133,197.82298278808594,175.81402587890625
8.1,1.9619228839874268,2.0,-1.571911334991455,-1.2254350185394287,19.85163063394024,-0.5684365630149841,0.08617323637008667,197.9052276611328,175.24993896484375
8.200000000000001,1.9862728118896484,2.0,-1.4521805047988892,-1.1351640224456787,18.1637064749225,-0.6196861267089844,0.06304088234901428,198.0934600830078,174.70481872558594
8.3,2.0163028240203857,2.0,-1.3081505298614502,-1.0448939800262451,15.083489234732678,-0.6731464862823486,0.03437585383653641,198.38601684570312,174.19366455078125
8.4,2.0212316513061523,2.0,-1.1534109115600586,-1.0448939800262451,6.217562182597627,-0.6692441701889038,0.029400266706943512,198.7648162841797,173.73861694335938
8.5,1.9898089170455933,2.0,-1.0157626867294312,-0.9546239972114563,3.5029888743406845,-0.6243771910667419,0.0589897483587265,199.19357299804688,173.3236846923828
8.6,2.0398290157318115,2.0,-0.8917196393013,-0.8643530011177063,1.5679928673814871,-0.5089465379714966,0.011335952207446098,199.66091918945312,172.96124267578125
8.700000000000001,2.0005788803100586,2.0,-0.7877010107040405,-0.7740830183029175,0.7802534900255766,-0.20107430219650269,0.04879451170563698,200.14903259277344,172.62710571289062
8.8,1.969023585319519,2.0,-0.7113339900970459,-0.7740830183029175,-3.5952544847438017,-0.3759559690952301,0.07891228049993515,200.64854431152344,172.3040771484375
8.9,1.9779859781265259,2.0,-0.6508170962333679,-0.6838129758834839,-1.8905246452732443,-0.31563133001327515,0.07060523331165314,201.15907287597656,172.00167846679688
9.0,1.9853941202163696,2.0,-0.6040070652961731,-0.5935429930686951,0.5995471751545491,-0.25982969999313354,0.06380332261323929,201.6742401123047,171.70851135253906
9.1,2.018383026123047,2.0,-0.5580321550369263,-0.5406820178031921,0.9940896374657509,-0.20184855163097382,0.03229895979166031,202.20762634277344,171.43418884277344
9.200000000000001,1.991632103919983,2.0,-0.5285505652427673,-0.5406820178031921,-0.6950810310755177,-0.17030897736549377,0.05776919797062874,202.7394256591797,171.15969848632812
9.3,2.0051400661468506,2.0,-0.5143932104110718,-0.5406820178031921,-1.5062377120008168,-0.1699724942445755,0.04491583630442619,203.26829528808594,170.87857055664062
9.4,1.9714854955673218,2.0,-0.49589499831199646,-0.5113189816474915,-0.8837291484039773,-0.17154715955257416,0.07708878815174103,203.80213928222656,170.61358642578125
9.5,1.9703830480575562,2.0,-0.477737158536911,-0.4687570035457611,0.5145249803662305,-0.17745529115200043,0.07813610881567001,204.3367919921875,170.36013793945312
9.600000000000001,1.9771794080734253,2.0,-0.4624069333076477,-0.4261949956417084,2.0747911962491408,-0.15888084471225739,0.07167958468198776,204.69830322265625,170.19972229003906
9.700000000000001,1.935976505279541,2.0,-0.44048354029655457,-0.38363298773765564,3.257296724611571,-0.17063046991825104,0.11082233488559723,205.2393341064453,169.96969604492188
9.8,1.8819479942321777,2.0,-0.4093322157859802,-0.3410710096359253,3.911079016870606,-0.21632301807403564,0.16214941442012787,205.95913696289062,169.68917846679688
9.9,1.8967630863189697,2.0,-0.37934282422065735,-0.2985079884529114,4.631494927124994,-0.22005580365657806,0.14807501435279846,206.3254852294922,169.57945251464844
10.0,1.9453843832015991,2.0,-0.3287544250488281,-0.25594601035118103,4.17161487521345,-0.2541477680206299,0.10188478231430054,206.88775634765625,169.44386291503906
10.100000000000001,2.010321855545044,2.0,-0.2694627642631531,-0.2133840024471283,3.213076372377616,-0.2618643045425415,0.040142640471458435,207.47146606445312,169.34730529785156
10.200000000000001,1.9614514112472534,2.0,-0.20823130011558533,-0.17082199454307556,2.143395323820042,-0.25034889578819275,0.08662118762731552,208.0569610595703,169.2863006591797
10.3,1.94779634475708,2.0,-0.15322603285312653,-0.12826000154018402,1.430448225423063,-0.2234593778848648,0.09959351271390915,208.62603759765625,169.2542724609375
10.4,1.9612094163894653,2.0,-0.10412630438804626,-0.0856970027089119,1.0559212055877607,-0.19061781466007233,0.08685100078582764,209.1995086669922,169.2450408935547
10.5,1.9794632196426392,2.0,-0.06222149729728699,-0.04313499853014946,1.0935758250386294,-0.1556626707315445,0.06950997561216354,209.77993774414062,169.2528076171875
10.600000000000001,2.011420965194702,2.0,-0.027718372642993927,-0.005692000035196543,1.262018188409355,-0.12215574085712433,0.03906626254320145,210.37844848632812,169.272705078125
10.700000000000001,1.9935076236724854,3.0,-0.0013365874765440822,-0.005692000035196543,-0.24954675764906112,-0.07161416858434677,1.0061677694320679,210.97743225097656,169.2998046875
10.8,2.0984201431274414,3.0,0.01070910319685936,-0.005692000035196543,-0.9397139945551769,-0.06398847699165344,0.9065008759498596,211.38333129882812,169.3179473876953
10.9,2.4257419109344482,3.0,0.025073664262890816,-0.005692000035196543,-1.762742718196722,-0.03376021981239319,0.5955450534820557,212.06167602539062,169.3498077392578
11.0,2.7271456718444824,3.0,0.031485483050346375,-0.005692000035196543,-2.1301128737206145,-0.008461952209472656,0.30921152234077454,212.83677673339844,169.38116455078125
11.100000000000001,2.955233335494995,3.0,0.03170280158519745,-0.005692000035196543,-2.1425643085775476,0.012687930837273598,0.09252830594778061,213.69088745117188,169.4088897705078
11.200000000000001,3.0391600131988525,3.0,0.02696716971695423,-0.005692000035196543,-1.8712325891995587,0.03190452605485916,0.012367966584861279,214.59507751464844,169.42953491210938
11.3,2.988811731338501,3.0,0.018454106524586678,-0.005692000035196543,-1.3834699975487301,0.017962388694286346,0.06016947329044342,215.49647521972656,169.43870544433594
11.4,3.0152859687805176,3.0,0.00995542760938406,-0.005692000035196543,-0.8965315642707993,0.01541153620928526,0.03480121120810509,216.3992462158203,169.44097900390625
11.5,2.997204303741455,3.0,0.0035792880225926638,-0.005692000035196543,-0.5312056763613636,0.016068806871771812,0.05197222903370857,217.29925537109375,169.43858337402344
11.600000000000001,3.0180697441101074,3.0,-0.0021496880799531937,-0.005692000035196543,-0.20295952475417847,0.01093090046197176,0.03189073130488396,218.20301818847656,169.43199157714844
11.700000000000001,2.999783754348755,3.0,-0.005650293081998825,-0.005692000035196543,-0.0023896323945788753,0.0022313420195132494,0.049190737307071686,219.10446166992188,169.42369079589844
11.8,3.016883611679077,3.0,-0.008623435162007809,-0.005692000035196543,0.16795886068268281,-0.0007269211928360164,0.032912176102399826,220.0034942626953,169.41354370117188
11.9,3.0289745330810547,3.0,-0.008949622511863708,-0.005692000035196543,0.18664801915998308,-0.003219392616301775,0.02112225629389286,220.60885620117188,169.40774536132812
12.0,2.996131181716919,3.0,-0.008086461573839188,-0.005692000035196543,0.13719254037062484,0.0104424012824893,0.05233164504170418,221.50909423828125,169.40118408203125
12.100000000000001,3.0176515579223633,3.0,-0.008674345910549164,-0.005692000035196543,0.1708758317059543,-0.005468640476465225,0.0315413735806942,222.414794921875,169.39239501953125
12.200000000000001,2.991786241531372,3.0,-0.00855364091694355,-0.005692000035196543,0.163959945006199,-0.002070649294182658,0.056133758276700974,223.314697265625,169.3852081298828
12.3,3.0093343257904053,3.0,-0.007337536197155714,-0.005692000035196543,0.0942822771164164,-0.0017937354277819395,0.03937652334570885,224.21505737304688,169.37939453125
12.4,2.9988555908203125,3.0,-0.005911064799875021,-0.005692000035196543,0.012551486456103354,0.009578701108694077,0.049278292804956436,225.115966796875,169.37527465820312
12.5,3.0127243995666504,3.0,-0.0061644939705729485,-0.005692000035196543,0.02707190834259511,-0.005373603198677301,0.036092791706323624,226.01475524902344,169.36923217773438
12.600000000000001,3.004202127456665,3.0,-0.006376296281814575,-0.005692000035196543,0.039207286867856586,-0.005452294833958149,0.04399025812745094,226.91860961914062,169.36380004882812
12.700000000000001,3.0090556144714355,3.0,-0.005595623515546322,-0.005692000035196543,-0.0055219678201173005,-0.00032403372460976243,0.03937167301774025,227.81759643554688,169.3593292236328
12.8,3.001136064529419,3.0,-0.0058236755430698395,-0.005692000035196543,0.007544450866381545,-0.000611502502579242,0.04665899649262428,228.72238159179688,169.3541717529297
12.9,2.9909722805023193,3.0,-0.005584584083408117,-0.005692000035196543,-0.006154480689857505,-0.004752368200570345,0.05656407028436661,229.61680603027344,169.34927368164062
13.0,3.0355753898620605,3.0,-0.0063947695307433605,-0.005692000035196543,0.04026572606537056,-0.0040728687308728695,0.013759592548012733,230.52317810058594,169.34307861328125
13.100000000000001,3.00314998626709,3.0,-0.005963169503957033,-0.005692000035196543,0.015536866092780724,-0.004685340914875269,0.04446052387356758,231.12611389160156,169.3399200439453
13.200000000000001,3.007115364074707,3.0,-0.004749983549118042,-0.005692000035196543,-0.05397356888404236,0.010855917818844318,0.04068037495017052,232.02549743652344,169.33673095703125
13.3,2.9952802658081055,3.0,-0.005599848460406065,-0.005692000035196543,-0.005279896310978529,-0.003980323672294617,0.05191117525100708,232.92564392089844,169.33056640625
13.4,3.0061652660369873,3.0,-0.006076824851334095,-0.005692000035196543,0.02204883781657964,-0.00017410384316463023,0.04150018468499184,233.82591247558594,169.32516479492188
13.5,2.9937565326690674,3.0,-0.005552210845053196,-0.005692000035196543,-0.008009330616765538,5.618547220365144e-05,0.053320255130529404,234.72509765625,169.32034301757812
13.600000000000001,3.016439914703369,3.0,-0.00477410526946187,-0.005692000035196543,-0.05259149611374615,0.011195043101906776,0.03154841065406799,235.6280059814453,169.3166961669922
13.700000000000001,2.998500108718872,3.0,-0.005581367760896683,-0.005692000035196543,-0.006338762395315623,-0.0042089479975402355,0.04854246973991394,236.52890014648438,169.31069946289062
13.8,3.016958713531494,3.0,-0.006196722388267517,-0.005692000035196543,0.028918460656878635,-0.00461364584043622,0.030995281413197517,237.42739868164062,169.30514526367188
13.9,2.89821195602417,2.0,-0.0056907921098172665,-0.005692000035196543,-6.920902619926983e-05,-0.004553756210952997,-0.8160480856895447,238.3309326171875,169.30035400390625
14.0,2.1285603046417236,2.0,-0.005799742881208658,-0.005692000035196543,0.006173210349222149,0.0005768593400716782,-0.09067731350660324,239.07913208007812,169.2962646484375
14.100000000000001,1.6351133584976196,2.0,-0.0059512704610824585,-0.005692000035196543,0.01485510115582238,0.00028199187363497913,0.38185828924179077,239.62342834472656,169.2927703857422
14.200000000000001,1.6780390739440918,2.0,-0.005658997688442469,-0.005692000035196543,-0.0018908951830357175,-0.0009216911275871098,0.34638673067092896,240.115478515625,169.2902069091797
14.3,1.7683000564575195,2.0,-0.005469875410199165,-0.005692000035196543,-0.01272680353827583,0.0109101552516222,0.2631850242614746,240.46067810058594,169.28860473632812
14.4,1.8934497833251953,2.0,-0.00644501019269228,-0.005692000035196543,0.04314430395498715,-0.0031180924270302057,0.14648830890655518,241.01092529296875,169.28402709960938
14.5,1.9867886304855347,2.0,-0.0059623210690915585,-0.005692000035196543,0.015488254355797273,-0.000731407490093261,0.058432839810848236,241.59390258789062,169.28097534179688
14.600000000000001,2.0139620304107666,2.0,-0.005391818471252918,-0.005692000035196543,-0.01719913670160613,-0.0013824132038280368,0.03240538761019707,242.19642639160156,169.2783203125
14.700000000000001,1.986518144607544,2.0,-0.005779416300356388,-0.005692000035196543,0.005008583054455639,0.0004890512791462243,0.05858922749757767,242.79437255859375,169.27456665039062
14.8,1.992985725402832,2.0,-0.01389521174132824,-0.005692000035196543,0.4700094092136576,0.25581273436546326,0.052528634667396545,243.39134216308594,169.2587890625
14.9,1.9935351610183716,2.0,-0.03167830407619476,-0.005692000035196543,1.4889055466929542,0.30442821979522705,0.05226593464612961,243.9841766357422,169.22036743164062
15.0,1.9738044738769531,2.0,-0.06340488791465759,-0.005692000035196543,3.3067048990048415,0.07285796850919724,0.0712517723441124,244.57583618164062,169.1512451171875
15.100000000000001,1.979706883430481,2.0,-0.08819562196731567,-0.005692000035196543,4.7271093312534,0.04178738594055176,0.0658641830086708,245.1649627685547,169.07261657714844
15.200000000000001,1.9873650074005127,2.0,-0.11858705431222916,-0.005692000035196543,6.468410137974322,-0.026608005166053772,0.05875864624977112,245.75189208984375,168.9717559814453
15.3,1.9878729581832886,2.0,-0.1311020404100418,-0.005692000035196543,7.1854660220438875,-0.09008824080228806,0.058457981795072556,246.3406524658203,168.88211059570312
15.4,1.9857813119888306,2.0,-0.1319531351327896,-0.005692000035196543,7.234230157623192,-0.14939484000205994,0.06058588624000549,246.9317169189453,168.80426025390625
15.5,2.00711989402771,2.0,-0.10781656950712204,0.019039999693632126,7.268346018712481,-0.18190105259418488,0.04027208313345909,247.52828979492188,168.76551818847656
15.600000000000001,2.0008699893951416,2.0,-0.0873892605304718,0.07029400020837784,9.034585340197,0.059595976024866104,0.04619774967432022,247.9252166748047,168.75250244140625
15.700000000000001,2.007646083831787,2.0,-0.05653019994497299,0.12154799699783325,10.203129108122278,0.01756812445819378,0.039741382002830505,248.5164794921875,168.748291015625
15.8,2.041872978210449,2.0,-0.006934506818652153,0.17280200123786926,10.298143336057796,-0.2820141017436981,0.006513435393571854,249.31175231933594,168.7865447998047
15.9,1.9541609287261963,2.0,0.03682459518313408,0.22405700385570526,10.727626805006961,-0.3032953441143036,0.08997437357902527,249.8994140625,168.851806640625
16.0,1.9050300121307373,2.0,0.07060309499502182,0.2753100097179413,11.728842250767737,-0.04036384075880051,0.13753189146518707,250.2772674560547,168.9157257080078
16.1,1.9584591388702393,2.0,0.12120909988880157,0.2753100097179413,8.829331752335769,-0.37598660588264465,0.087552011013031,250.8484649658203,169.03579711914062
16.2,2.0294270515441895,2.0,0.18008586764335632,0.3265649974346161,8.392635923788188,-0.40457019209861755,0.019852695986628532,251.43231201171875,169.2066192626953
16.3,1.9911298751831055,2.0,0.2396848499774933,0.3778190016746521,7.9145038988670775,-0.39959585666656494,0.056165169924497604,252.00782775878906,169.4117889404297
16.400000000000002,1.9858686923980713,2.0,0.2957906126976013,0.4290730059146881,7.636518614742144,-0.392061322927475,0.061396971344947815,252.56263732910156,169.64288330078125
16.5,1.9788691997528076,2.0,0.3491228520870209,0.4803270101547241,7.517444511846726,-0.38247188925743103,0.068316750228405,253.096923828125,169.90054321289062
16.6,1.9724140167236328,2.0,0.3989715576171875,0.5315809845924377,7.597960489330129,-0.3773375153541565,0.07484111934900284,253.61631774902344,170.17977905273438
16.7,1.9582902193069458,2.0,0.44676515460014343,0.5828350186347961,7.796228928104552,-0.3734859228134155,0.08885421603918076,254.1200408935547,170.48007202148438
16.8,1.9553030729293823,2.0,0.49817025661468506,0.6340889930725098,7.787569955784268,-0.03305259346961975,0.09221675992012024,254.4286346435547,170.7130584716797
16.900000000000002,1.9471036195755005,2.0,0.5487852096557617,0.6853439807891846,7.824241241438067,-0.0203410554677248,0.10025151073932648,254.89990234375,171.06163024902344
17.0,1.9474995136260986,2.0,0.5982419848442078,0.736598014831543,7.927216588459764,-0.011713998392224312,0.09987544268369675,255.3533477783203,171.43145751953125
17.1,1.948925256729126,2.0,0.6459036469459534,0.7914630174636841,8.339937599246955,-0.00028043470229022205,0.09852100908756256,255.79026794433594,171.8212890625
17.2,1.9491225481033325,2.0,0.6918080449104309,0.7914630174636841,5.709809334793464,-0.3686092495918274,0.09833355993032455,256.2102966308594,172.22970581054688
17.3,1.9766672849655151,2.0,0.7433338761329651,0.8475189805030823,5.969366768537704,-0.38461482524871826,0.07216612249612808,256.6022644042969,172.66964721679688
17.400000000000002,1.9668927192687988,2.0,0.7936820983886719,0.9035750031471252,6.296399641092499,-0.37733355164527893,0.0814519003033638,256.9733581542969,173.12673950195312
17.5,1.9616199731826782,2.0,0.8420838117599487,0.9596310257911682,6.734959257509848,-0.366077721118927,0.08646100759506226,257.3215026855469,173.59829711914062
17.6,1.9795743227005005,2.0,0.9078906178474426,1.0156879425048828,6.176331745672846,-0.3200521767139435,0.06940437108278275,257.6233215332031,174.099609375
17.7,1.9710443019866943,2.0,0.9570707082748413,1.0717439651489258,6.570293641904596,-0.30585333704948425,0.07750791311264038,257.9180603027344,174.60690307617188
17.8,2.0053048133850098,2.0,1.004683017730713,1.1278009414672852,7.05413741251913,-0.3058335781097412,0.044933877885341644,258.1911315917969,175.12753295898438
17.900000000000002,2.032041311264038,2.0,1.068764328956604,1.1838569641113281,6.594322247404699,-0.34443727135658264,0.019400522112846375,258.4163818359375,175.67376708984375
18.0,1.928617238998413,2.0,1.1533929109573364,1.239912986755371,4.957235186379364,-0.37757745385169983,0.11688664555549622,258.5810241699219,176.26461791992188
18.1,1.7237211465835571,2.0,1.2296736240386963,1.2959699630737305,3.798500423875871,-0.37379756569862366,0.3124648630619049,258.6761169433594,176.77798461914062
18.2,1.8198866844177246,2.0,1.3041996955871582,1.2959699630737305,-0.4715289395410003,-0.35006454586982727,0.2211076319217682,258.7348937988281,177.2995147705078
18.3,1.9731146097183228,2.0,1.3762272596359253,1.3520259857177734,-1.3866308543501387,-0.3095860779285431,0.07554114609956741,258.7665100097656,177.86212158203125
18.400000000000002,2.0381360054016113,2.0,1.4227591753005981,1.4080820083618164,-0.8409397208011398,-0.2754535973072052,0.013398716226220131,258.7705078125,178.2698211669922
18.5,1.993594765663147,2.0,1.4845327138900757,1.4641389846801758,-1.1684746122599314,-0.2227078527212143,0.055557891726493835,258.7572021484375,178.88058471679688
18.6,2.0170693397521973,2.0,1.5339667797088623,1.5201950073242188,-0.789064434054893,-0.17079763114452362,0.033094558864831924,258.7275390625,179.48599243164062
18.7,1.9971331357955933,2.0,1.5714799165725708,1.5677109956741333,-0.21594326079912313,-0.1233312264084816,0.05195248872041702,258.6875305175781,180.08895874023438
18.8,2.007004976272583,3.0,1.5977751016616821,1.5677109956741333,-1.7225463879205358,-0.08011623471975327,0.9933452010154724,258.6434631347656,180.68673706054688
18.900000000000002,2.202568531036377,3.0,1.6148011684417725,1.5677109956741333,-2.698068156127607,-0.02491108514368534,0.8075599074363708,258.59783935546875,181.30918884277344
19.0,2.5334346294403076,3.0,1.6217809915542603,1.5677109956741333,-3.0979825622210235,-0.003432575846090913,0.49323704838752747,258.55419921875,182.0207061767578
19.1,2.8116679191589355,3.0,1.621175765991211,1.5677109956741333,-3.0633056918048687,0.015689637511968613,0.22891546785831451,258.5135803222656,182.82470703125
19.200000000000003,3.009381055831909,3.0,1.614075779914856,1.5677109956741333,-2.6565064550280795,0.02700602449476719,0.04104099050164223,258.4813537597656,183.70062255859375
19.3,3.023037910461426,3.0,1.6036148071289062,1.5677109956741333,-2.057136864791951,0.03186572343111038,0.027553923428058624,258.46014404296875,184.6100616455078
19.400000000000002,3.0020482540130615,3.0,1.590987205505371,1.5677109956741333,-1.3336285863908397,0.030417438596487045,0.04755960777401924,258.45263671875,185.5088653564453
19.5,3.0139541625976562,3.0,1.5841189622879028,1.5677109956741333,-0.940107237360555,0.02601832151412964,0.03611595928668976,258.4515686035156,186.11114501953125
19.6,3.0150203704833984,3.0,1.5759925842285156,1.5677109956741333,-0.47450007182995585,0.018458373844623566,0.03488435223698616,258.4540710449219,187.01536560058594
19.700000000000003,3.0197360515594482,3.0,1.5703167915344238,1.5677109956741333,-0.14930110506730873,0.025609107688069344,0.030139995738863945,258.4595947265625,187.92041015625
19.8,3.0145347118377686,3.0,1.5650279521942139,1.5677109956741333,0.153727067649477,0.0049417223781347275,0.03484975919127464,258.46978759765625,188.8251190185547
19.900000000000002,3.0191824436187744,3.0,1.563396692276001,1.5677109956741333,0.24719137625193147,-0.00023115270596463233,0.030177965760231018,258.47802734375,189.73001098632812
20.0,3.0156962871551514,3.0,1.5635477304458618,1.5677109956741333,0.2385375265735253,-0.0009218311752192676,0.033249977976083755,258.48455810546875,190.63504028320312
20.1,3.0131547451019287,3.0,1.5631221532821655,1.5677109956741333,0.26292130191047086,-0.0021669985726475716,0.035407017916440964,258.4914855957031,191.5404052734375
20.200000000000003,3.0013580322265625,3.0,1.5639134645462036,1.5677109956741333,0.2175825061999262,-0.0022228783927857876,0.04662524536252022,258.49725341796875,192.44032287597656
20.3,3.0138778686523438,3.0,1.5651963949203491,1.5677109956741333,0.14407601035224896,-0.005540658254176378,0.03453851863741875,258.50128173828125,193.34385681152344
20.400000000000002,3.019864082336426,3.0,1.5668855905532837,1.5677109956741333,0.04729222981316829,0.011035303585231304,0.028593435883522034,258.5033874511719,194.2487030029297
20.5,3.000887632369995,3.0,1.5658485889434814,1.5677109956741333,0.10670804540310921,-0.003367468947544694,0.046555619686841965,258.5074462890625,194.85086059570312
20.6,3.0079448223114014,3.0,1.5668067932128906,1.5677109956741333,0.05180698485454672,-0.003950938582420349,0.03985379636287689,258.51025390625,195.75045776367188
20.700000000000003,3.0002636909484863,3.0,1.567859411239624,1.5677109956741333,-0.008503585516665874,-0.00386827252805233,0.04708912968635559,258.5120544433594,196.65206909179688
20.8,3.009209156036377,3.0,1.5689518451690674,1.5677109956741333,-0.07109543907066272,-0.0009178337641060352,0.03858190402388573,258.51275634765625,197.5518341064453
20.900000000000002,3.0057599544525146,3.0,1.5678492784500122,1.5677109956741333,-0.00792301943721479,0.0010671606287360191,0.0417422279715538,258.5162048339844,198.45433044433594
21.0,2.997265338897705,3.0,1.5679007768630981,1.5677109956741333,-0.010873661158660302,-0.002229611622169614,0.04983604699373245,258.5187683105469,199.35411071777344
21.1,2.9980483055114746,3.0,1.5684454441070557,1.5677109956741333,-0.042080795476448565,-0.002744856756180525,0.049071669578552246,258.5204162597656,200.254638671875
21.200000000000003,3.0181045532226562,3.0,1.567501425743103,1.5677109956741333,0.012007472560882417,-0.0023706003557890654,0.030003396794199944,258.523681640625,201.15374755859375
21.3,3.0026652812957764,3.0,1.5673880577087402,1.5677109956741333,0.01850298246156454,0.0006845272146165371,0.04437605291604996,258.5269775390625,202.0607452392578
21.400000000000002,2.9964959621429443,3.0,1.5678434371948242,1.5677109956741333,-0.0075883401678841665,-0.0002021998370764777,0.050436656922101974,258.5293273925781,202.95660400390625
21.5,3.019327163696289,3.0,1.5683435201644897,1.5677109956741333,-0.036240983736087654,-0.0030217503663152456,0.028461486101150513,258.5311584472656,203.8616943359375
21.6,2.9784772396087646,3.0,1.567453384399414,1.5677109956741333,0.014760038796397552,-0.00014209830260369927,0.06738060712814331,258.5338134765625,204.46116638183594
21.700000000000003,3.009068727493286,3.0,1.5671859979629517,1.5677109956741333,0.030080153104736156,-0.002052209572866559,0.038469403982162476,258.537353515625,205.35647583007812
21.8,3.004852771759033,3.0,1.5677047967910767,1.5677109956741333,0.0003551698368406631,-0.002930912422016263,0.04219479486346245,258.5396728515625,206.2626953125
21.900000000000002,3.007863759994507,3.0,1.5683952569961548,1.5677109956741333,-0.03920528583587319,0.013460919260978699,0.039425402879714966,258.54119873046875,207.16026306152344
22.0,3.001436471939087,3.0,1.5670125484466553,1.5677109956741333,0.040018078347104705,0.0009732429753057659,0.045296672731637955,258.5461120605469,208.06556701660156
22.1,2.995256185531616,3.0,1.5674347877502441,1.5677109956741333,0.015825548306919544,-0.0003286671999376267,0.05138159543275833,258.54888916015625,208.961181640625
22.200000000000003,3.0314841270446777,3.0,1.5679636001586914,1.5677109956741333,-0.014473170851257017,-0.00323555083014071,0.01655525155365467,258.55096435546875,209.86817932128906
22.3,2.9879438877105713,3.0,1.5688154697418213,1.5677109956741333,-0.06328170266016814,0.013256954960525036,0.05793123319745064,258.552001953125,210.76966857910156
22.400000000000002,3.029938220977783,3.0,1.5674059391021729,1.5677109956741333,0.01747845408606263,-0.0013968023704364896,0.01782986894249916,258.55670166015625,211.6719512939453
22.5,2.9993903636932373,3.0,1.5675694942474365,1.5677109956741333,0.008107434544805135,-0.0024524610489606857,0.04676905646920204,258.5584716796875,212.2749786376953
22.6,3.0068719387054443,3.0,1.5681159496307373,1.5677109956741333,-0.023202152610533315,-0.0028468689415603876,0.03976844996213913,258.5604248046875,213.1721649169922
22.700000000000003,2.9999682903289795,3.0,1.5673187971115112,1.5677109956741333,0.02247132236934195,-0.00013524095993489027,0.04611014947295189,258.5637512207031,214.07723999023438
22.8,2.9913299083709717,3.0,1.5672669410705566,1.5677109956741333,0.025442454658297496,0.00048733517178334296,0.0545714907348156,258.56707763671875,214.97213745117188
22.900000000000002,3.031684637069702,3.0,1.5675748586654663,1.5677109956741333,0.0078000760321545615,-0.0029072891920804977,0.01581391878426075,258.5697937011719,215.8791961669922
23.0,2.9885036945343018,3.0,1.568345546722412,1.5677109956741333,-0.03635709695197787,-0.003286851802840829,0.056853294372558594,258.5713195800781,216.78054809570312
23.1,3.0097529888153076,3.0,1.5675547122955322,1.5677109956741333,0.008954378001886717,-0.0025801926385611296,0.036598850041627884,258.5743408203125,217.6809844970703
23.200000000000003,3.009751558303833,3.0,1.5675057172775269,1.5677109956741333,0.011761585750761956,0.0005955597152933478,0.03645218536257744,258.5774230957031,218.5839080810547
23.3,3.0085866451263428,3.0,1.567979097366333,1.5677109956741333,-0.015361095443358676,-0.00020439695799723268,0.03742248937487602,258.5796203613281,219.48675537109375
23.400000000000002,3.0062596797943115,3.0,1.5683544874191284,1.5677109956741333,-0.03686936113972883,-0.0003736259532161057,0.03956345096230507,258.58074951171875,220.08824157714844
23.5,2.9936106204986572,3.0,1.5671018362045288,1.5677109956741333,0.034902266658765155,0.0011417600326240063,0.05159270018339157,258.58502197265625,220.98855590820312
23.6,2.998342752456665,3.0,1.5671802759170532,1.5677109956741333,0.030408002184896768,-0.002490282291546464,0.04710951820015907,258.58831787109375,221.88807678222656
23.700000000000003,3.0076587200164795,3.0,1.567831039428711,1.5677109956741333,-0.0068780004942028405,-0.003226068802177906,0.03827516734600067,258.5904235839844,222.78729248046875
23.8,3.00532865524292,3.0,1.5670517683029175,1.5677109956741333,0.037770946110170504,-0.002782272407785058,0.04038562998175621,258.5939636230469,223.689453125
23.900000000000002,2.9901742935180664,3.0,1.5670822858810425,1.5677109956741333,0.036022417682647245,0.00025978617486543953,0.054829955101013184,258.5973815917969,224.58917236328125
24.0,3.003777503967285,3.0,1.567679762840271,1.5677109956741333,0.0017895095625433408,-0.000496475026011467,0.0418812520802021,258.59979248046875,225.4890594482422
24.1,2.9957358837127686,3.0,1.5682780742645264,1.5677109956741333,-0.03249120988175066,-0.0032236860133707523,0.04957139119505882,258.6015625,226.3882598876953
24.200000000000003,2.9920506477355957,3.0,1.567112684249878,1.5677109956741333,0.034280719444294,-0.0016939593479037285,0.05311531573534012,258.60565185546875,227.28762817382812
24.3,3.0124425888061523,3.0,1.5674052238464355,1.5677109956741333,0.017519435221082708,-0.002436743350699544,0.03363160789012909,258.6085510253906,228.1889190673828
24.400000000000002,3.0173258781433105,2.0,1.5677763223648071,1.5677109956741333,-0.0037429436651669873,-0.0030188884120434523,-0.9261658191680908,258.6099853515625,228.7918701171875
24.5,2.385584831237793,2.0,1.5684441328048706,1.5677109956741333,-0.04200566339557842,-0.0007184284622780979,-0.3356667160987854,258.6113586425781,229.6142120361328
24.6,1.7213057279586792,2.0,1.5674395561218262,1.5677109956741333,0.015552340740119033,-0.0005028541199862957,0.29662445187568665,258.6142578125,230.21771240234375
24.700000000000003,1.6423428058624268,2.0,1.5672788619995117,1.5677109956741333,0.024759435741296222,-0.001628098078072071,0.37711024284362793,258.61627197265625,230.71173095703125
24.8,1.7675403356552124,2.0,1.567328929901123,1.5677109956741333,0.021890756289890866,-0.0023520411923527718,0.2623278796672821,258.617919921875,231.22390747070312
24.900000000000002,1.8911184072494507,2.0,1.567556619644165,1.5677109956741333,0.008845094975166515,-0.003090523649007082,0.14715184271335602,258.6195373535156,231.7742919921875
25.0,1.9838550090789795,2.0,1.5680838823318481,1.5677109956741333,-0.021364831723799885,-0.0010834218701347709,0.059711355715990067,258.6205139160156,232.35707092285156
25.1,2.00993013381958,2.0,1.5685484409332275,1.5677109956741333,-0.047982078919339574,-0.001018061302602291,0.03477974608540535,258.6214294433594,232.959228515625
25.200000000000003,1.9787195920944214,2.0,1.567564845085144,1.5677109956741333,0.008373811922435633,0.0018668676493689418,0.06463797390460968,258.62420654296875,233.5561065673828
25.3,2.0068142414093018,2.0,1.5675673484802246,1.5677109956741333,0.008230377949865366,0.18008732795715332,0.037985268980264664,258.6262512207031,234.15419006347656
25.400000000000002,1.9997638463974,2.0,1.5551538467407227,1.5677109956741333,0.719471636601633,0.30731308460235596,0.044793784618377686,258.6495666503906,234.7515106201172
25.5,1.986401081085205,2.0,1.5382475852966309,1.5677109956741333,1.6881290646928417,0.34917718172073364,0.05766231194138527,258.6808776855469,235.1475067138672
25.6,2.0016119480133057,2.0,1.5086561441421509,1.5677109956741333,3.383593752554276,0.33649742603302,0.04337850585579872,258.75018310546875,235.73927307128906
25.700000000000003,1.9851493835449219,2.0,1.4835306406021118,1.5677109956741333,4.823179063539525,0.3237651586532593,0.05933305248618126,258.8296813964844,236.32801818847656
25.8,1.9782229661941528,2.0,1.4538785219192505,1.5677109956741333,6.522120317688496,0.03477782383561134,0.06618812680244446,258.928955078125,236.91465759277344
25.900000000000002,1.977947473526001,2.0,1.4381935596466064,1.5677109956741333,7.420802457732924,-0.02895582839846611,0.06660038232803345,259.0250244140625,237.50363159179688
26.0,1.976826786994934,2.0,1.4346908330917358,1.5677109956741333,7.621493906115409,-0.08625737577676773,0.06796400249004364,259.1099548339844,238.0907440185547
26.1,2.0057544708251953,2.0,1.4562424421310425,1.6057519912719727,8.566266162679081,0.10977835208177567,0.040561702102422714,259.1597900390625,238.6840362548828
26.200000000000003,1.9673516750335693,2.0,1.4790408611297607,1.6602380275726318,10.38183289690602,0.07770999521017075,0.07735803723335266,259.1938171386719,239.27671813964844
26.3,1.956336498260498,2.0,1.510056972503662,1.7147250175476074,11.726615182211491,0.0344533808529377,0.08841011673212051,259.2001037597656,239.86337280273438
26.400000000000002,1.9550913572311401,2.0,1.5479834079742432,1.7147250175476074,9.553590497771935,-0.33982473611831665,0.0901721715927124,259.1768493652344,240.44932556152344
26.5,1.979359745979309,2.0,1.596112847328186,1.769212007522583,9.917851316397885,-0.3865428566932678,0.06744604557752609,259.1082458496094,241.03648376464844
26.6,1.990727424621582,2.0,1.6368921995162964,1.8236980438232422,10.703186467165951,-0.33145958185195923,0.05685994029045105,259.0360412597656,241.42361450195312
26.700000000000003,2.004265308380127,2.0,1.6905726194381714,1.8781850337982178,10.749399527090258,-0.3413195312023163,0.04418451711535454,258.9112854003906,242.00405883789062
26.8,1.9915107488632202,2.0,1.7465900182724,1.9326720237731934,10.661713558525634,-0.35061734914779663,0.056570831686258316,258.7520751953125,242.5755157470703
26.900000000000002,2.0014891624450684,2.0,1.8050462007522583,1.987157940864563,10.434234108218359,-0.34844011068344116,0.047306232154369354,258.5570983886719,243.1356201171875
27.0,1.9672155380249023,2.0,1.8749760389328003,2.041645050048828,9.549430912567397,-0.11324276775121689,0.08032997697591782,258.3168640136719,243.67239379882812
27.1,1.9707566499710083,2.0,1.9394514560699463,2.0961320400238037,8.977136192201199,-0.08947478979825974,0.07726790755987167,258.0446472167969,244.196533203125
27.200000000000003,1.9609413146972656,2.0,2.0012271404266357,2.150618076324463,8.559470124454919,-0.07531507313251495,0.08689466118812561,257.74267578125,244.70518493652344
27.3,1.9689526557922363,2.0,2.032562017440796,2.150618076324463,6.764113919982048,-0.3951817452907562,0.07949494570493698,257.5347900390625,245.0403289794922
27.400000000000002,1.996849775314331,2.0,2.1054248809814453,2.2051050662994385,5.711253919802922,-0.34985703229904175,0.05299272760748863,257.1711730957031,245.5027313232422
27.5,2.002082109451294,2.0,2.165040969848633,2.259592056274414,5.417378200573954,-0.328002005815506,0.04801151156425476,256.78961181640625,245.9573211669922
27.6,1.9766443967819214,2.0,2.219783067703247,2.3140780925750732,5.402706954236766,-0.30656448006629944,0.07218782603740692,256.38916015625,246.39149475097656
27.700000000000003,1.9740900993347168,2.0,2.269083023071289,2.368565082550049,5.69990214540236,-0.29256585240364075,0.07461439818143845,255.97384643554688,246.8069305419922
27.8,1.9734441041946411,2.0,2.3280699253082275,2.4202370643615723,5.280788077552039,-0.04437199980020523,0.07522807270288467,255.53057861328125,247.19151306152344
27.900000000000002,1.9776155948638916,2.0,2.376718759536743,2.469630002975464,5.3234221183512584,-0.034360647201538086,0.07126519829034805,255.07098388671875,247.5654296875
28.0,1.9890817403793335,2.0,2.424212694168091,2.5190229415893555,5.432227031829561,-0.007681505288928747,0.060372356325387955,254.59335327148438,247.91961669921875
28.1,2.000152826309204,2.0,2.445077419281006,2.5190229415893555,4.2367663421589095,-0.32554349303245544,0.04980349540710449,254.27073669433594,248.15711975097656
28.200000000000003,1.9707504510879517,2.0,2.4878594875335693,2.5684149265289307,4.615486671257776,-0.31912922859191895,0.07778710871934891,253.77259826660156,248.4795379638672
28.3,1.968526840209961,2.0,2.530642509460449,2.6178081035614014,4.994220660734983,-0.319210410118103,0.07989947497844696,253.2640380859375,248.77847290039062
28.400000000000002,1.966546893119812,2.0,2.5722367763519287,2.667201042175293,5.441051636237217,-0.31334546208381653,0.08178044855594635,252.74435424804688,249.05650329589844
28.5,1.9911378622055054,2.0,2.628628969192505,2.7165939807891846,5.040023909309089,-0.2844761908054352,0.05841900408267975,252.2037811279297,249.29209899902344
28.6,2.010218381881714,2.0,2.676034927368164,2.7659859657287598,5.153814860881502,-0.285040944814682,0.04024134576320648,251.6523895263672,249.51507568359375
28.700000000000003,2.01554274559021,2.0,2.736453056335449,2.8153789043426514,4.522117985303702,-0.3062550127506256,0.03513835743069649,251.0820770263672,249.6937255859375
28.8,1.9989266395568848,2.0,2.8091864585876465,2.864772081375122,3.184821587328566,-0.32566529512405396,0.05075058341026306,250.49465942382812,249.8174591064453
28.900000000000002,1.9963611364364624,2.0,2.858811616897583,2.9141640663146973,3.1714617373120206,-0.3162231743335724,0.05324213206768036,250.10223388671875,249.87271118164062
29.0,2.0173351764678955,2.0,2.9311745166778564,2.963557004928589,1.8553799068989438,-0.29107895493507385,0.033089932054281235,249.50413513183594,249.92352294921875
29.1,2.001638650894165,2.0,2.997190475463867,3.0129499435424805,0.9029510082756856,-0.2692214846611023,0.04787640646100044,248.9033660888672,249.94137573242188
29.200000000000003,2.000108480453491,2.0,3.0553629398345947,3.062342882156372,0.3999212362825866,-0.21046768128871918,0.0494307205080986,248.30667114257812,249.9315643310547
29.3,1.9964550733566284,2.0,3.102540969848633,3.1117351055145264,0.5267851699264035,-0.1618671417236328,0.0528593473136425,247.7063446044922,249.90541076660156
29.400000000000002,2.012282133102417,2.0,3.138795852661133,3.1117351055145264,-1.5504666019712345,-0.1213969811797142,0.037761345505714417,247.10682678222656,249.868896484375
29.5,1.9921444654464722,2.0,-3.1169281005859375,-3.134706974029541,-1.0186544128157016,-0.08351504057645798,0.056867536157369614,246.5067596435547,249.82521057128906
29.6,2.1026110649108887,3.0,-3.099466562271118,-3.134706974029541,-2.0191268620608294,-0.041161615401506424,0.9025195240974426,245.90269470214844,249.781005859375
29.700000000000003,2.432856798171997,3.0,-3.088933229446411,-3.134706974029541,-2.622642377123156,-0.014922588132321835,0.5887861251831055,245.2227325439453,249.7343292236328
29.8,2.7339982986450195,3.0,-3.0867366790771484,-3.134706974029541,-2.748495442769811,0.01491440087556839,0.3027016520500183,244.44566345214844,249.68885803222656
29.900000000000002,2.9607813358306885,3.0,-3.091102361679077,-3.134706974029541,-2.498360254985604,0.023569568991661072,0.08725762367248535,243.5895233154297,249.6493682861328
30.0,3.044581890106201,3.0,-3.1009693145751953,-3.134706974029541,-1.9330254973836487,0.02826116606593132,0.007149334531277418,242.6836395263672,249.6204071044922
30.1,3.0023646354675293,3.0,-3.106991767883301,-3.134706974029541,-1.5879643405146044,0.027982881292700768,0.04710590839385986,242.0791778564453,249.60565185546875
30.200000000000003,2.9852066040039062,3.0,-3.117457151412964,-3.134706974029541,-0.9883420332791851,0.024291977286338806,0.06371429562568665,241.185302734375,249.59280395507812
30.3,3.017503261566162,3.0,-3.1246650218963623,-3.134706974029541,-0.5753614753035341,0.02356295846402645,0.03280901163816452,240.28204345703125,249.58392333984375
30.400000000000002,3.0050671100616455,3.0,-3.1320691108703613,-3.134706974029541,-0.15113842595404214,0.0025753050576895475,0.044499266892671585,239.37913513183594,249.581787109375
30.5,3.005892753601074,3.0,-3.1354546546936035,-3.134706974029541,0.04283894647431998,-0.004058531951159239,0.04371421039104462,238.4794158935547,249.5789337158203
30.6,3.0170066356658936,3.0,-3.1369383335113525,-3.134706974029541,0.12784748088429868,0.0026329371612519026,0.032860059291124344,237.5736541748047,249.57571411132812
30.700000000000003,2.9939277172088623,3.0,-3.137633800506592,-3.134706974029541,0.16769480450215307,0.0011380946962162852,0.05477077513933182,236.67250061035156,249.5731201171875
30.8,3.008066177368164,3.0,-3.1380863189697266,-3.134706974029541,0.19362220259152146,0.005056149326264858,0.04125272110104561,235.77137756347656,249.57025146484375
30.900000000000002,2.993642568588257,3.0,-3.1371822357177734,-3.134706974029541,0.14182204792614475,0.0036598010919988155,0.054966554045677185,234.8710174560547,249.5657958984375
31.0,3.015981674194336,3.0,-3.137685775756836,-3.134706974029541,0.1706727669802786,-0.012357432395219803,0.03358118236064911,233.96875,249.56265258789062
31.1,3.0132126808166504,3.0,-3.136443614959717,-3.134706974029541,0.09950219582874575,-0.002342978259548545,0.03595275059342384,233.06333923339844,249.5565185546875
31.200000000000003,2.993520736694336,3.0,-3.136645555496216,-3.134706974029541,0.11107253628274735,-0.012101486325263977,0.0546831339597702,232.46304321289062,249.55364990234375
31.3,3.0073914527893066,3.0,-3.1355276107788086,-3.134706974029541,0.04701902224636778,-0.0018139409366995096,0.04142985865473747,231.5621795654297,249.546875
31.400000000000002,3.0047545433044434,3.0,-3.1345624923706055,-3.134706974029541,-0.008278189274055454,0.004433981608599424,0.043929219245910645,230.36224365234375,249.53810119628906
31.5,3.022186517715454,3.0,-3.134970188140869,-3.134706974029541,0.015081057687388153,0.005272699519991875,0.027171164751052856,229.75888061523438,249.53448486328125
31.6,2.998887062072754,3.0,-3.1342620849609375,-3.134706974029541,-0.025490265982487586,0.004848318174481392,0.04920912906527519,228.85597229003906,249.5276336669922
31.700000000000003,3.0154809951782227,3.0,-3.135284423828125,-3.134706974029541,0.033085436339541766,-0.010654335841536522,0.033427152782678604,227.95654296875,249.5227508544922
31.8,3.006678581237793,3.0,-3.13466739654541,-3.134706974029541,-0.0022676228044442334,-0.0005276154261082411,0.041479066014289856,227.0496063232422,249.5155792236328
31.900000000000002,2.711555004119873,2.7929999828338623,-3.134519338607788,-3.134706974029541,-0.01075071775360007,0.00028703431598842144,0.12438522279262543,226.1711883544922,249.50946044921875
32.0,2.4132301807403564,2.569000005722046,-3.13478422164917,-3.134706974029541,0.004425962582168263,0.005982275120913982,0.19791175425052643,225.42518615722656,249.5045623779297
32.1,2.4917333126068115,2.4489998817443848,-3.134671688079834,-3.134706974029541,-0.002021735994323774,6.969501555431634e-05,0.009073857218027115,224.68780517578125,249.49966430664062
32.2,2.312190055847168,2.190999984741211,-3.134903907775879,-3.134706974029541,0.011283472508861065,-0.010582173243165016,-0.06721071153879166,223.9584197998047,249.49485778808594
32.300000000000004,1.7885863780975342,2.0490000247955322,-3.133779525756836,-3.134706974029541,-0.053138871742699205,-0.0016355675179511309,0.29739290475845337,223.36587524414062,249.4890594482422
32.4,1.7721052169799805,2.0490000247955322,-3.1336593627929688,-3.134706974029541,-0.06002370242607206,-0.0013622130500152707,0.3130500316619873,223.18800354003906,249.48753356933594
32.5,1.7881008386611938,2.0490000247955322,-3.1335561275482178,-3.134706974029541,-0.06593864624730311,-0.0010954487370327115,0.2978542447090149,223.00973510742188,249.48599243164062
32.6,1.8198013305664062,1.8969999551773071,-3.133470296859741,-3.134706974029541,-0.07085638244971228,-0.0008320332271978259,0.12333870679140091,222.82891845703125,249.4844207763672
32.7,1.853705644607544,1.8969999551773071,-3.133404016494751,-3.134706974029541,-0.07465396762823936,-0.0006842344882898033,0.0911296084523201,222.644775390625,249.48287963867188
32.800000000000004,1.8825702667236328,1.7319999933242798,-3.1333491802215576,-3.134706974029541,-0.07779585464644523,-0.000516793632414192,-0.09379460662603378,222.45761108398438,249.48133850097656
32.9,1.846160650253296,1.7319999933242798,-3.133305788040161,-3.134706974029541,-0.08028204350432988,-0.0003130704862996936,-0.05977626144886017,222.27024841308594,249.4797821044922
33.0,1.716100811958313,1.7319999933242798,-3.13327956199646,-3.134706974029541,-0.08178468512173268,-7.958057540236041e-05,0.06386008113622665,222.09266662597656,249.47825622558594
33.1,1.5842843055725098,1.5490000247955322,-3.1332695484161377,-3.134706974029541,-0.08235842101201375,1.6616975699434988e-05,0.015059323981404305,221.92919921875,249.4768829345703
33.2,1.5090062618255615,1.5490000247955322,-3.1332685947418213,-3.134706974029541,-0.08241306252537386,0.00015266610716935247,0.08677340298891068,221.775390625,249.4755859375
