throttle,velocity,acceleration
0.30,0.027828,0.000000
0.30,0.021349,0.000000
0.30,0.016277,0.000000
0.30,0.012346,0.000000
0.30,0.009321,-0.092533
0.30,0.007009,-0.071697
0.30,0.005251,-0.055126
0.30,0.003922,-0.042118
0.30,0.001132,-0.040946
0.30,0.001543,-0.027333
0.30,0.001618,-0.018166
0.30,0.001519,-0.012017
0.30,0.001337,0.001026
0.30,0.001133,-0.002050
0.30,0.000935,-0.003417
0.30,0.000755,-0.003819
0.30,0.000161,-0.005880
0.30,0.000292,-0.004206
0.30,0.000333,-0.003007
0.30,0.000324,-0.002153
0.30,0.000291,0.000650
0.30,0.000252,-0.000198
0.30,0.000210,-0.000617
0.30,0.000171,-0.000766
0.30,0.000000,-0.001455
0.30,0.000054,-0.000992
0.30,0.183164,0.914772
0.30,0.483403,2.416159
0.30,0.690223,3.451117
0.30,0.686277,3.431118
0.30,0.681110,2.489730
0.30,0.688806,1.027013
0.30,0.709723,0.097496
0.30,0.743031,0.283770
0.30,0.752413,0.356511
0.30,0.761637,0.364157
0.30,0.759215,0.247460
0.30,0.768627,0.127979
0.30,0.766674,0.071307
0.30,0.775594,0.069783
0.30,0.770719,0.057523
0.30,0.774290,0.028313
0.30,0.767399,0.003624
0.30,0.768955,-0.033193
0.30,0.765612,-0.025537
0.30,0.766762,-0.037641
0.30,0.765126,-0.011364
0.30,0.774988,0.030166
0.30,0.773876,0.041320
0.30,0.778183,0.057105
0.30,0.776189,0.055316
0.30,0.783236,0.041237
0.30,0.784820,0.054722
0.30,0.788403,0.051100
0.30,0.786767,0.052889
0.30,0.797903,0.073339
0.30,0.796760,0.059697
0.30,0.802745,0.071712
0.30,0.804255,0.087442
0.30,0.807178,0.046372
0.30,0.808993,0.061164
0.30,0.815737,0.064961
0.30,0.813357,0.045508
0.30,0.822253,0.075376
0.30,0.820583,0.057952
0.30,0.827672,0.059674
0.30,0.827072,0.068573
0.30,0.832151,0.049489
0.30,0.832742,0.060792
0.30,0.837014,0.046709
0.30,0.837861,0.053946
0.30,0.842305,0.050771
0.30,0.842710,0.049842
0.30,0.847601,0.052939
0.30,0.847556,0.048475
0.30,0.852747,0.052209
0.30,0.852516,0.049032
0.30,0.857827,0.051128
0.30,0.857560,0.050019
0.30,0.862844,0.050487
0.30,0.862451,0.049673
0.30,0.867546,0.048592
0.30,0.867011,0.047259
0.30,0.871944,0.045502
0.30,0.871322,0.044353
0.30,0.876133,0.042939
0.30,0.875432,0.042106
0.30,0.880115,0.040852
0.30,0.879334,0.040060
0.30,0.883911,0.038887
0.30,0.883052,0.038098
0.30,0.887517,0.037013
0.30,0.886589,0.036278
0.30,0.890936,0.035125
0.30,0.889910,0.034291
0.30,0.894139,0.033106
0.30,0.893015,0.032131
0.30,0.897130,0.030972
0.30,0.895900,0.029951
0.30,0.899911,0.028863
0.30,0.898591,0.027879
0.30,0.902503,0.026862
0.30,0.901107,0.026032
0.30,0.904932,0.025105
0.30,0.903455,0.024320
0.30,0.907205,0.023510
0.30,0.905664,0.022784
0.30,0.909344,0.022058
0.30,0.907744,0.021445
0.30,0.911363,0.020790
0.30,0.909718,0.020270
0.30,0.913284,0.019701
0.30,0.911584,0.019198
0.30,0.915097,0.018672
0.30,0.913342,0.018121
0.30,0.916804,0.017599
0.30,0.915012,0.017140
0.30,0.918430,0.016666
0.30,0.916597,0.016277
0.30,0.919967,0.015816
0.30,0.918096,0.015418
0.30,0.921426,0.014978
0.30,0.919511,0.014570
0.30,0.922804,0.014185
0.30,0.920856,0.013802
0.30,0.924115,0.013445
0.30,0.922133,0.013108
0.30,0.925356,0.012759
0.30,0.923334,0.012387
0.30,0.926522,0.012038
0.30,0.924476,0.011716
0.30,0.927627,0.011355
0.30,0.925553,0.011095
0.30,0.928678,0.010778
0.30,0.926576,0.010501
0.30,0.929672,0.010226
0.30,0.927541,0.009943
0.30,0.930609,0.009654
0.30,0.928455,0.009395
0.30,0.931497,0.009125
0.30,0.929319,0.008889
0.30,0.932340,0.008654
0.30,0.930148,0.008462
0.30,0.933153,0.008279
0.30,0.930930,0.008056
0.30,0.933905,0.007828
0.30,0.931665,0.007587
0.30,0.934621,0.007341
0.30,0.932366,0.007180
0.30,0.935301,0.006980
0.30,0.933022,0.006786
0.30,0.935936,0.006576
0.30,0.933639,0.006363
0.30,0.936541,0.006199
0.30,0.934227,0.006021
0.30,0.937109,0.005863
0.30,0.934779,0.005703
0.30,0.937651,0.005551
0.30,0.935312,0.005429
0.30,0.938162,0.005264
0.30,0.935812,0.005162
0.30,0.938651,0.005001
0.30,0.936292,0.004897
0.30,0.939116,0.004773
0.30,0.936743,0.004658
0.30,0.939558,0.004534
0.30,0.937171,0.004397
0.30,0.939971,0.004273
0.30,0.937571,0.004138
0.30,0.940363,0.004023
0.30,0.937964,0.003963
0.30,0.940741,0.003852
0.30,0.938315,0.003721
0.30,0.941083,0.003603
0.30,0.938655,0.003457
0.30,0.941412,0.003354
0.30,0.938979,0.003320
0.30,0.941731,0.003238
0.30,0.939287,0.003158
0.30,0.942029,0.003085
0.30,0.939576,0.002985
0.30,0.942307,0.002880
0.30,0.939845,0.002791
0.30,0.942577,0.002742
0.30,0.940107,0.002655
0.30,0.942829,0.002610
0.30,0.940357,0.002562
0.30,0.943070,0.002461
0.30,0.940590,0.002416
0.30,0.943299,0.002353
0.30,0.940817,0.002295
0.30,0.943515,0.002229
0.30,0.941026,0.002179
0.30,0.943721,0.002110
0.30,0.941226,0.002045
0.30,0.943917,0.002006
0.30,0.941415,0.001942
0.30,0.944098,0.001884
0.30,0.941589,0.001819
0.30,0.944265,0.001744
0.32,0.027827,0.000000
0.32,0.021349,0.000000
0.32,0.023451,0.000000
0.32,0.077953,0.000000
0.32,0.018863,-0.044823
0.32,0.043616,0.111335
0.32,0.008089,-0.076807
0.32,0.062197,-0.078782
0.32,0.012035,-0.034141
0.32,0.082100,0.192420
0.32,0.030526,0.112182
0.32,0.097976,0.178894
0.32,0.146497,0.672314
0.32,0.198284,0.580920
0.32,0.148860,0.591672
0.32,0.178444,0.402342
0.32,0.209963,0.317330
0.32,0.317022,0.593690
0.32,0.323956,0.875482
0.32,0.310898,0.662268
0.32,0.405106,0.975712
0.32,0.424572,0.537751
0.32,0.457936,0.669899
0.32,0.448727,0.689148
0.32,0.438310,0.166020
0.32,0.454159,0.147934
0.32,0.484056,0.130598
0.32,0.478698,0.149856
0.32,0.526097,0.438938
0.32,0.570134,0.579876
0.32,0.571931,0.439374
0.32,0.569649,0.454751
0.32,0.579033,0.264676
0.32,0.618566,0.242157
0.32,0.623575,0.258223
0.32,0.619080,0.247156
0.32,0.681782,0.513749
0.32,0.670786,0.261101
0.32,0.677773,0.270989
0.32,0.692029,0.364749
0.32,0.709144,0.136806
0.32,0.721617,0.254153
0.32,0.729284,0.257554
0.32,0.743632,0.258015
0.32,0.754359,0.226079
0.32,0.764427,0.214052
0.32,0.775875,0.232952
0.32,0.775327,0.158471
0.32,0.784027,0.148339
0.32,0.793472,0.145227
0.32,0.797451,0.107882
0.32,0.801630,0.131518
0.32,0.811359,0.136661
0.32,0.820695,0.136115
0.32,0.825561,0.140552
0.32,0.830223,0.142962
0.32,0.839633,0.141367
0.32,0.848732,0.140181
0.32,0.853783,0.141108
0.32,0.858642,0.142094
0.32,0.867416,0.138918
0.32,0.875918,0.135935
0.32,0.881003,0.136098
0.32,0.885907,0.136328
0.32,0.893826,0.132050
0.32,0.901561,0.128214
0.32,0.906719,0.128581
0.32,0.911645,0.128690
0.32,0.918476,0.123247
0.32,0.925282,0.118604
0.32,0.930545,0.119132
0.32,0.935485,0.119200
0.32,0.941193,0.113584
0.32,0.946949,0.108336
0.32,0.952102,0.107785
0.32,0.957005,0.107601
0.32,0.961950,0.103788
0.32,0.966823,0.099369
0.32,0.971507,0.097024
0.32,0.976056,0.095251
0.32,0.980467,0.092586
0.32,0.984780,0.089786
0.32,0.988953,0.087227
0.32,0.993027,0.084857
0.32,0.996974,0.082534
0.32,1.000816,0.080176
0.32,1.004548,0.077979
0.32,1.008187,0.075798
0.32,1.011711,0.073685
0.32,1.015151,0.071676
0.32,1.018483,0.069676
0.32,1.021738,0.067759
0.32,1.024887,0.065877
0.32,1.027957,0.064028
0.32,1.030928,0.062225
0.32,1.033837,0.060494
0.32,1.036645,0.058793
0.32,1.039381,0.057123
0.32,1.042032,0.055520
0.32,1.044622,0.053925
0.32,1.047128,0.052415
0.32,1.049575,0.050969
0.32,1.051944,0.049560
0.32,1.054254,0.048158
0.32,1.056482,0.046770
0.32,1.058666,0.045455
0.32,1.060782,0.044187
0.32,1.062843,0.042944
0.32,1.064836,0.041767
0.32,1.066784,0.040592
0.32,1.068661,0.039395
0.32,1.070499,0.038282
0.32,1.072274,0.037190
0.32,1.074009,0.036123
0.32,1.075685,0.035119
0.32,1.077320,0.034104
0.32,1.078906,0.033161
0.32,1.080458,0.032248
0.32,1.081953,0.031343
0.32,1.083416,0.030482
0.32,1.084824,0.029592
0.32,1.086200,0.028710
0.32,1.087522,0.027846
0.32,1.088824,0.027041
0.32,1.090083,0.026296
0.32,1.091318,0.025586
0.32,1.092497,0.024871
0.32,1.093663,0.024192
0.32,1.094781,0.023487
0.32,1.095877,0.022796
0.32,1.096928,0.022154
0.32,1.097960,0.021488
0.32,1.098951,0.020853
0.32,1.099928,0.020254
0.32,1.100865,0.019686
0.32,1.101787,0.019134
0.32,1.102671,0.018599
0.32,1.103541,0.018066
0.32,1.104368,0.017514
0.32,1.105189,0.017009
0.32,1.105978,0.016536
0.32,1.106753,0.016061
0.32,1.107499,0.015655
0.32,1.108227,0.015190
0.32,1.108933,0.014771
0.32,1.109624,0.014354
0.32,1.110280,0.013906
0.32,1.110933,0.013529
0.32,1.111552,0.013098
0.32,1.112167,0.012714
0.32,1.112753,0.012364
0.32,1.113336,0.012015
0.32,1.113887,0.011674
0.32,1.114436,0.011345
0.32,1.114961,0.011041
0.32,1.115476,0.010699
0.32,1.115967,0.010401
0.32,1.116459,0.010119
0.32,1.116926,0.009826
0.32,1.114882,-0.002968
0.32,1.111007,-0.024801
0.32,1.108529,-0.039653
0.32,1.106939,-0.049934
0.32,1.105939,-0.044714
0.32,1.105283,-0.028619
0.32,1.104868,-0.018305
0.32,1.104579,-0.011799
0.32,1.104386,-0.007766
0.32,1.104236,-0.005237
0.32,1.104135,-0.003665
0.32,1.104034,-0.002725
0.32,1.103972,-0.002071
0.32,1.103900,-0.001677
0.32,1.103847,-0.001436
0.32,1.103782,-0.001262
0.32,1.103740,-0.001158
0.32,1.103682,-0.001093
0.32,1.103638,-0.001046
0.32,1.103584,-0.000992
0.32,1.103543,-0.000988
0.32,1.103490,-0.000959
0.32,1.103452,-0.000932
0.32,1.103402,-0.000908
0.32,1.103367,-0.000878
0.32,1.103314,-0.000877
0.32,1.103285,-0.000836
0.32,1.103242,-0.000798
0.32,1.103212,-0.000774
0.32,1.103168,-0.000733
0.32,1.103141,-0.000719
0.32,1.103099,-0.000716
0.32,1.103076,-0.000684
0.32,1.103035,-0.000666
0.32,1.103009,-0.000657
0.32,1.102972,-0.000634
0.32,1.102949,-0.000633
0.32,1.102907,-0.000637
0.32,1.102889,-0.000600
0.32,1.102849,-0.000619
0.32,1.102831,-0.000588
0.34,0.036015,0.000000
0.34,0.027827,0.000000
0.34,0.026724,0.000000
0.34,0.079530,0.000000
0.34,0.034532,-0.007412
0.34,0.045176,0.086744
0.34,0.037816,0.055462
0.34,0.049352,-0.150891
0.34,0.042067,0.037676
0.34,0.053844,0.043342
0.34,0.046594,0.043890
0.34,0.058519,0.045832
0.34,0.051366,0.046492
0.34,0.063467,0.048113
0.34,0.056452,0.049290
0.34,0.068665,0.050729
0.34,0.061738,0.051861
0.34,0.074163,0.053480
0.34,0.067881,0.057141
0.34,0.204366,0.678506
0.34,0.292466,1.153642
0.34,0.408115,1.669761
0.34,0.445948,1.890339
0.34,0.440212,1.179233
0.34,0.456311,0.819222
0.34,0.528643,0.602639
0.34,0.550568,0.523099
0.34,0.579820,0.698037
0.34,0.584320,0.640046
0.34,0.606973,0.391653
0.34,0.613712,0.315719
0.34,0.637788,0.289842
0.34,0.656730,0.362052
0.34,0.670475,0.317509
0.34,0.680537,0.334123
0.34,0.716353,0.392822
0.34,0.741051,0.421603
0.34,0.737952,0.337383
0.34,0.752329,0.358960
0.34,0.762142,0.228945
0.34,0.772146,0.155477
0.34,0.779932,0.209901
0.34,0.793552,0.206116
0.34,0.808452,0.231555
0.34,0.817451,0.226524
0.34,0.827329,0.236986
0.34,0.841934,0.241912
0.34,0.856484,0.240160
0.34,0.867385,0.249667
0.34,0.878616,0.256434
0.34,0.892952,0.255090
0.34,0.906941,0.252283
0.34,0.918641,0.256283
0.34,0.930276,0.258299
0.34,0.943008,0.250278
0.34,0.955274,0.241664
0.34,0.966533,0.239457
0.34,0.977485,0.236048
0.34,0.988069,0.225307
0.34,0.998349,0.215377
0.34,1.008188,0.208274
0.34,1.017784,0.201492
0.34,1.026980,0.194552
0.34,1.035960,0.188053
0.34,1.044601,0.182067
0.34,1.053033,0.176247
0.34,1.061144,0.170820
0.34,1.069046,0.165431
0.34,1.076658,0.160284
0.34,1.084080,0.155233
0.34,1.091232,0.150442
0.34,1.098227,0.145908
0.34,1.104947,0.141446
0.34,1.111470,0.136951
0.34,1.113813,0.112905
0.34,1.117566,0.096694
0.34,1.122107,0.085802
0.34,1.127051,0.077903
0.34,1.132144,0.091658
0.34,1.137273,0.098534
0.34,1.142351,0.101218
0.34,1.147357,0.101533
0.34,1.152265,0.100605
0.34,1.157070,0.098984
0.34,1.161770,0.097096
0.34,1.166368,0.095056
0.34,1.170864,0.092995
0.34,1.175272,0.091013
0.34,1.179577,0.089035
0.34,1.183805,0.087183
0.34,1.187941,0.085383
0.34,1.192005,0.083665
0.34,1.195983,0.082030
0.34,1.199891,0.080428
0.34,1.203717,0.078881
0.34,1.207472,0.077332
0.34,1.211150,0.075836
0.34,1.214764,0.074366
0.34,1.218302,0.072924
0.34,1.221768,0.071481
0.34,1.225160,0.070046
0.34,1.228490,0.068629
0.34,1.231746,0.067222
0.34,1.234938,0.065848
0.34,1.238061,0.064509
0.34,1.241123,0.063165
0.34,1.244106,0.061796
0.34,1.247036,0.060493
0.34,1.249900,0.059195
0.34,1.252708,0.057925
0.34,1.255447,0.056710
0.34,1.258131,0.055472
0.34,1.260755,0.054274
0.34,1.263323,0.053079
0.34,1.265836,0.051941
0.34,1.268291,0.050802
0.34,1.270692,0.049684
0.34,1.273039,0.048577
0.34,1.275335,0.047498
0.34,1.277583,0.046461
0.34,1.279782,0.045449
0.34,1.281925,0.044433
0.34,1.284022,0.043431
0.34,1.286079,0.042478
0.34,1.288085,0.041519
0.34,1.290050,0.040622
0.34,1.291965,0.039717
0.34,1.293846,0.038837
0.34,1.295674,0.037942
0.34,1.297470,0.037098
0.34,1.299221,0.036281
0.34,1.300937,0.035455
0.34,1.302611,0.034686
0.34,1.304252,0.033914
0.34,1.305851,0.033150
0.34,1.307424,0.032436
0.34,1.308956,0.031724
0.34,1.310475,0.031114
0.34,1.311941,0.030450
0.34,1.313384,0.029799
0.34,1.314778,0.029110
0.34,1.316159,0.028418
0.34,1.317494,0.027763
0.34,1.318810,0.027129
0.34,1.320085,0.026533
0.34,1.321345,0.025930
0.34,1.322564,0.025349
0.34,1.323765,0.024776
0.34,1.324930,0.024229
0.34,1.326081,0.023680
0.34,1.327194,0.023150
0.34,1.328291,0.022629
0.34,1.329360,0.022148
0.34,1.330411,0.021650
0.34,1.331431,0.021187
0.34,1.332434,0.020715
0.34,1.333408,0.020242
0.34,1.334371,0.019803
0.34,1.335305,0.019370
0.34,1.336221,0.018937
0.34,1.337110,0.018508
0.34,1.337983,0.018059
0.34,1.338815,0.017548
0.34,1.339654,0.017164
0.34,1.340452,0.016709
0.34,1.341258,0.016375
0.34,1.342024,0.016047
0.34,1.342796,0.015707
0.34,1.343530,0.015391
0.34,1.344271,0.015064
0.34,1.344971,0.014737
0.34,1.345682,0.014431
0.34,1.346354,0.014118
0.34,1.347034,0.013812
0.34,1.347673,0.013510
0.34,1.348321,0.013196
0.34,1.348935,0.012908
0.34,1.349560,0.012630
0.34,1.350145,0.012359
0.34,1.350736,0.012073
0.34,1.351298,0.011815
0.34,1.351874,0.011569
0.34,1.352405,0.011298
0.34,1.352953,0.011089
0.34,1.353462,0.010820
0.34,1.353985,0.010556
0.34,1.354473,0.010339
0.34,1.354973,0.010098
0.34,1.355435,0.009864
0.34,1.355914,0.009645
0.34,1.356356,0.009416
0.34,1.356815,0.009211
0.34,1.357239,0.009018
0.34,1.357677,0.008816
0.34,1.358082,0.008631
0.34,1.359664,0.014245
0.34,1.359552,0.011567
0.34,1.361710,0.020163
0.34,1.362388,0.021530
0.34,1.362725,0.015302
0.36,0.027827,0.000000
0.36,0.021348,0.000000
0.36,0.022454,0.000000
0.36,0.079777,0.000000
0.36,0.014539,-0.066440
0.36,0.048004,0.133279
0.36,0.030497,0.040217
0.36,0.042505,-0.186359
0.36,0.035696,0.105786
0.36,0.048312,0.001544
0.36,0.041798,0.056505
0.36,0.054640,0.060675
0.36,0.048272,0.062879
0.36,0.061228,0.064578
0.36,0.055055,0.066283
0.36,0.068739,0.070494
0.36,0.065516,0.086223
0.36,0.234801,0.867867
0.36,0.352204,1.485747
0.36,0.409285,1.702731
0.36,0.405598,1.700407
0.36,0.412750,0.889743
0.36,0.471597,0.596964
0.36,0.489471,0.400929
0.36,0.561686,0.780440
0.36,0.571097,0.791736
0.36,0.616576,0.724897
0.36,0.647016,0.787728
0.36,0.661891,0.501024
0.36,0.680823,0.548632
0.36,0.701367,0.423955
0.36,0.740489,0.467363
0.36,0.754000,0.460545
0.36,0.762962,0.410691
0.36,0.771054,0.348434
0.36,0.784989,0.222500
0.36,0.798983,0.224916
0.36,0.816208,0.266232
0.36,0.834492,0.317191
0.36,0.851746,0.333785
0.36,0.868241,0.346291
0.36,0.888861,0.363266
0.36,0.909497,0.375022
0.36,0.927993,0.381239
0.36,0.946448,0.391031
0.36,0.965297,0.382180
0.36,0.982971,0.367370
0.36,0.999637,0.358216
0.36,1.015542,0.345472
0.36,1.030848,0.327755
0.36,1.045510,0.312698
0.36,1.059706,0.300347
0.36,1.073368,0.289130
0.36,1.086596,0.278739
0.36,1.099361,0.269251
0.36,1.110761,0.255274
0.36,1.121121,0.238764
0.36,1.131992,0.226982
0.36,1.142945,0.217923
0.36,1.153809,0.215239
0.36,1.164475,0.216772
0.36,1.174938,0.214727
0.36,1.185191,0.211231
0.36,1.195309,0.207501
0.36,1.205300,0.204121
0.36,1.215203,0.201327
0.36,1.225016,0.199125
0.36,1.234736,0.197134
0.36,1.244344,0.195220
0.36,1.253815,0.193060
0.36,1.263126,0.190549
0.36,1.272279,0.187715
0.36,1.281249,0.184527
0.36,1.290043,0.181136
0.36,1.298647,0.177605
0.36,1.307074,0.173974
0.36,1.315317,0.170340
0.36,1.323381,0.166693
0.36,1.331272,0.163127
0.36,1.338996,0.159611
0.36,1.347525,0.161041
0.36,1.356528,0.165732
0.36,1.364674,0.167008
0.36,1.375131,0.180678
0.36,1.382856,0.176653
0.36,1.392566,0.180193
0.36,1.401111,0.182183
0.36,1.408963,0.169158
0.36,1.416308,0.167260
0.36,1.423286,0.153597
0.36,1.429949,0.144191
0.36,1.436385,0.137110
0.36,1.442602,0.131473
0.36,1.448649,0.126819
0.36,1.454522,0.122868
0.36,1.460253,0.119341
0.36,1.465839,0.116182
0.36,1.471298,0.113241
0.36,1.476620,0.110487
0.36,1.481829,0.107879
0.36,1.486916,0.105386
0.36,1.491893,0.102980
0.36,1.496754,0.100671
0.36,1.501514,0.098422
0.36,1.506160,0.096221
0.36,1.510710,0.094083
0.36,1.515155,0.092006
0.36,1.519507,0.089969
0.36,1.523757,0.087985
0.36,1.527919,0.086043
0.36,1.531986,0.084153
0.36,1.535968,0.082305
0.36,1.539858,0.080502
0.36,1.543665,0.078733
0.36,1.547386,0.077001
0.36,1.551027,0.075294
0.36,1.554584,0.073632
0.36,1.558069,0.072018
0.36,1.561472,0.070430
0.36,1.564806,0.068892
0.36,1.568061,0.067387
0.36,1.571249,0.065901
0.36,1.574361,0.064443
0.36,1.577409,0.063016
0.36,1.580383,0.061610
0.36,1.583300,0.060254
0.36,1.586147,0.058933
0.36,1.588935,0.057633
0.36,1.591660,0.056382
0.36,1.594327,0.055136
0.36,1.596929,0.053908
0.36,1.599478,0.052712
0.36,1.601968,0.051543
0.36,1.604409,0.050407
0.36,1.606788,0.049297
0.36,1.609125,0.048237
0.36,1.611402,0.047168
0.36,1.613636,0.046137
0.36,1.615813,0.045123
0.36,1.617948,0.044116
0.36,1.620030,0.043140
0.36,1.622073,0.042187
0.36,1.624066,0.041266
0.36,1.626024,0.040376
0.36,1.627931,0.039506
0.36,1.629800,0.038635
0.36,1.631621,0.037778
0.36,1.633409,0.036926
0.36,1.635151,0.036101
0.36,1.636861,0.035303
0.36,1.638526,0.034522
0.36,1.640159,0.033750
0.36,1.641753,0.033010
0.36,1.643320,0.032295
0.36,1.644844,0.031588
0.36,1.646341,0.030911
0.36,1.647797,0.030220
0.36,1.649229,0.029547
0.36,1.650622,0.028890
0.36,1.651991,0.028248
0.36,1.653323,0.027631
0.36,1.654633,0.027021
0.36,1.655907,0.026427
0.36,1.657158,0.025836
0.36,1.658377,0.025270
0.36,1.659575,0.024708
0.36,1.660740,0.024165
0.36,1.661887,0.023646
0.36,1.663002,0.023122
0.36,1.664098,0.022617
0.36,1.665165,0.022124
0.36,1.666212,0.021625
0.36,1.667232,0.021153
0.36,1.668235,0.020686
0.36,1.669209,0.020218
0.36,1.670170,0.019787
0.36,1.671103,0.019352
0.36,1.672019,0.018919
0.36,1.672911,0.018512
0.36,1.673789,0.018095
0.36,1.674643,0.017702
0.36,1.675483,0.017318
0.36,1.676298,0.016933
0.36,1.677101,0.016563
0.36,1.677883,0.016198
0.36,1.678653,0.015850
0.36,1.679400,0.015510
0.36,1.680132,0.015154
0.36,1.680843,0.014801
0.36,1.681544,0.014457
0.36,1.682228,0.014140
0.36,1.682901,0.013845
0.36,1.683553,0.013548
0.36,1.684197,0.013265
0.36,1.684823,0.012976
0.36,1.685440,0.012694
0.36,1.686038,0.012425
0.36,1.686628,0.012154
0.36,1.687201,0.011890
0.36,1.687765,0.011624
0.38,0.027826,0.000000
0.38,0.021347,0.000000
0.38,0.022065,0.000000
0.38,0.080908,0.000000
0.38,0.032544,0.023588
0.38,0.045253,0.119527
0.38,0.039040,0.084873
0.38,0.051185,-0.148614
0.38,0.044416,0.059359
0.38,0.056467,0.056072
0.38,0.049545,0.052526
0.38,0.061638,0.052266
0.38,0.054841,0.052124
0.38,0.067522,0.055272
0.38,0.062616,0.065358
0.38,0.188566,0.634638
0.38,0.280065,1.126120
0.38,0.381958,1.572183
0.38,0.420241,1.788121
0.38,0.496374,1.539041
0.38,0.548416,1.341756
0.38,0.593655,1.058484
0.38,0.564383,0.720713
0.38,0.657698,0.806620
0.38,0.669098,0.603411
0.38,0.674862,0.406036
0.38,0.678490,0.570531
0.38,0.727817,0.350594
0.38,0.745389,0.381457
0.38,0.767077,0.461075
0.38,0.778736,0.501232
0.38,0.809463,0.408230
0.38,0.831286,0.429483
0.38,0.857526,0.452243
0.38,0.885436,0.533501
0.38,0.915554,0.530455
0.38,0.937985,0.533494
0.38,0.964464,0.534694
0.38,0.984331,0.494477
0.38,1.008878,0.466621
0.38,1.027081,0.445482
0.38,1.049845,0.426903
0.38,1.065599,0.406336
0.38,1.087045,0.390838
0.38,1.103065,0.379919
0.38,1.124223,0.371891
0.38,1.139693,0.370473
0.38,1.159968,0.364615
0.38,1.174720,0.358278
0.38,1.194207,0.349918
0.38,1.208278,0.342923
0.38,1.227117,0.335742
0.38,1.240552,0.329158
0.38,1.258860,0.323265
0.38,1.272910,0.323160
0.38,1.292304,0.325938
0.38,1.306532,0.329899
0.38,1.324141,0.326405
0.38,1.336952,0.320209
0.38,1.353681,0.306885
0.38,1.365591,0.295298
0.38,1.381765,0.288123
0.38,1.392974,0.280113
0.38,1.410324,0.283212
0.38,1.421366,0.278876
0.38,1.439457,0.288456
0.38,1.449747,0.283866
0.38,1.466320,0.279982
0.38,1.475349,0.269915
0.38,1.491062,0.258026
0.38,1.499252,0.247524
0.38,1.514368,0.240240
0.38,1.521898,0.232744
0.38,1.536553,0.227456
0.38,1.543538,0.221430
0.38,1.557779,0.217056
0.38,1.564275,0.211885
0.38,1.578137,0.207919
0.38,1.584170,0.203158
0.38,1.597673,0.199469
0.38,1.603268,0.194966
0.38,1.616426,0.191447
0.38,1.621599,0.187148
0.38,1.634419,0.183728
0.38,1.639185,0.179584
0.38,1.651680,0.176271
0.38,1.656064,0.172324
0.38,1.668245,0.169133
0.38,1.672260,0.165376
0.38,1.684135,0.162272
0.38,1.687788,0.158622
0.38,1.699368,0.155612
0.38,1.702672,0.152060
0.38,1.713967,0.149160
0.38,1.716937,0.145741
0.38,1.727957,0.142948
0.38,1.730606,0.139668
0.38,1.741364,0.136987
0.38,1.743704,0.133836
0.38,1.754207,0.131248
0.38,1.756253,0.128237
0.38,1.766512,0.125738
0.38,1.768274,0.122852
0.38,1.778298,0.120457
0.38,1.779791,0.117691
0.38,1.789588,0.115383
0.38,1.790819,0.112724
0.38,1.800398,0.110500
0.38,1.801382,0.107954
0.38,1.810751,0.105815
0.38,1.811496,0.103386
0.38,1.820666,0.101337
0.38,1.821183,0.099003
0.38,1.830158,0.097035
0.38,1.830457,0.094804
0.38,1.839246,0.092903
0.38,1.839333,0.090751
0.38,1.847946,0.088940
0.38,1.847837,0.086899
0.38,1.856278,0.085160
0.38,1.855976,0.083216
0.38,1.864253,0.081535
0.38,1.863768,0.079655
0.38,1.871888,0.078048
0.38,1.871227,0.076253
0.38,1.879197,0.074718
0.38,1.878367,0.072996
0.38,1.886191,0.071516
0.38,1.885201,0.069870
0.38,1.892887,0.068451
0.38,1.891744,0.066886
0.38,1.899298,0.065536
0.38,1.898007,0.064028
0.38,1.905431,0.062722
0.38,1.904000,0.061276
0.38,1.911302,0.060018
0.38,1.909735,0.058644
0.38,1.916921,0.057447
0.38,1.915225,0.056129
0.38,1.922298,0.054981
0.38,1.920480,0.053724
0.38,1.927447,0.052632
0.38,1.925511,0.051426
0.38,1.932375,0.050383
0.38,1.930324,0.049219
0.38,1.937088,0.048204
0.38,1.934929,0.047092
0.38,1.941600,0.046126
0.38,1.939338,0.045068
0.38,1.945917,0.044144
0.38,1.943556,0.043136
0.38,1.950050,0.042249
0.38,1.947594,0.041280
0.38,1.954003,0.040431
0.38,1.951457,0.039503
0.38,1.957787,0.038688
0.38,1.955154,0.037804
0.38,1.961409,0.037028
0.38,1.958693,0.036180
0.38,1.964874,0.035434
0.38,1.962078,0.034620
0.38,1.968189,0.033902
0.38,1.965318,0.033127
0.38,1.971360,0.032432
0.38,1.968415,0.031685
0.38,1.974396,0.031036
0.38,1.971384,0.030326
0.38,1.977301,0.029703
0.38,1.974221,0.029026
0.38,1.980080,0.028420
0.38,1.976937,0.027767
0.38,1.982740,0.027194
0.38,1.979535,0.026572
0.38,1.985284,0.026019
0.38,1.982021,0.025420
0.38,1.987719,0.024895
0.38,1.984401,0.024329
0.38,1.990049,0.023824
0.38,1.986677,0.023280
0.38,1.992276,0.022788
0.38,1.988853,0.022259
0.38,1.994409,0.021801
0.38,1.990938,0.021306
0.38,1.996451,0.020872
0.38,1.992932,0.020395
0.38,1.998403,0.019967
0.38,1.994839,0.019502
0.38,2.000269,0.019092
0.38,1.996663,0.018657
0.38,2.002058,0.018275
0.38,1.998411,0.017860
0.38,2.003768,0.017496
0.38,2.000082,0.017096
0.38,2.005405,0.016739
0.38,2.001682,0.016357
0.38,2.006971,0.016016
0.38,2.003212,0.015649
0.38,2.008469,0.015316
0.38,2.004675,0.014962
0.38,2.009902,0.014651
0.40,0.027826,0.000000
0.40,0.021348,0.000000
0.40,0.021706,0.000000
0.40,0.082551,0.000000
0.40,0.027644,-0.000914
0.40,0.089002,0.338266
0.40,0.043369,0.108317
0.40,0.099119,0.082840
0.40,0.178022,0.751892
0.40,0.140830,0.259141
0.40,0.178918,0.677742
0.40,0.277561,0.892209
0.40,0.287904,0.549411
0.40,0.344296,1.017331
0.40,0.373660,0.973712
0.40,0.448606,0.855224
0.40,0.512334,1.122149
0.40,0.565755,1.107297
0.40,0.608907,1.176235
0.40,0.554222,0.528079
0.40,0.657562,0.726142
0.40,0.670717,0.524806
0.40,0.683668,0.373806
0.40,0.706142,0.759602
0.40,0.725103,0.337701
0.40,0.749089,0.391864
0.40,0.776024,0.461776
0.40,0.797633,0.457452
0.40,0.830355,0.526260
0.40,0.861425,0.561678
0.40,0.892809,0.583928
0.40,0.925838,0.641029
0.40,0.957384,0.635145
0.40,0.987505,0.630398
0.40,1.015670,0.614306
0.40,1.042202,0.581815
0.40,1.067531,0.550738
0.40,1.091880,0.521875
0.40,1.116965,0.506473
0.40,1.143211,0.505048
0.40,1.167354,0.499115
0.40,1.190022,0.490712
0.40,1.211720,0.473775
0.40,1.233065,0.449269
0.40,1.254478,0.435620
0.40,1.276242,0.431099
0.40,1.297981,0.431305
0.40,1.320614,0.437746
0.40,1.344207,0.448642
0.40,1.367920,0.458392
0.40,1.389789,0.459043
0.40,1.410576,0.449809
0.40,1.430486,0.431397
0.40,1.449833,0.409566
0.40,1.468601,0.394058
0.40,1.486990,0.382073
0.40,1.504914,0.372139
0.40,1.522532,0.363495
0.40,1.539744,0.355716
0.40,1.556687,0.348481
0.40,1.573253,0.341694
0.40,1.589570,0.335186
0.40,1.605525,0.328904
0.40,1.621245,0.322794
0.40,1.636614,0.316805
0.40,1.651754,0.310924
0.40,1.666546,0.305106
0.40,1.681117,0.299360
0.40,1.695354,0.293702
0.40,1.709368,0.288070
0.40,1.723063,0.282585
0.40,1.736539,0.277109
0.40,1.749695,0.271706
0.40,1.762640,0.266359
0.40,1.775274,0.261052
0.40,1.787703,0.255821
0.40,1.799833,0.250689
0.40,1.811765,0.245624
0.40,1.823404,0.240649
0.40,1.834852,0.235744
0.40,1.846015,0.230908
0.40,1.856994,0.226143
0.40,1.867698,0.221470
0.40,1.878223,0.216854
0.40,1.888484,0.212346
0.40,1.898574,0.207900
0.40,1.908407,0.203548
0.40,1.918078,0.199276
0.40,1.927499,0.195077
0.40,1.936767,0.190965
0.40,1.945795,0.186938
0.40,1.954671,0.182966
0.40,1.963320,0.179105
0.40,1.971826,0.175296
0.40,1.980108,0.171565
0.40,1.988276,0.168022
0.40,1.996286,0.164826
0.40,2.004260,0.162170
0.40,2.012140,0.160160
0.40,2.020026,0.158751
0.40,2.027852,0.157831
0.40,2.035708,0.157238
0.40,2.043519,0.156897
0.40,2.051374,0.156739
0.40,2.059192,0.156703
0.40,2.067058,0.156753
0.40,2.074895,0.156881
0.40,2.082783,0.157047
0.40,2.090645,0.157266
0.40,2.098559,0.157501
0.40,2.106447,0.157759
0.40,2.114388,0.158026
0.40,2.122306,0.158301
0.40,2.130276,0.158585
0.40,2.138223,0.158882
0.40,2.146222,0.159167
0.40,2.154198,0.159462
0.40,2.162226,0.159753
0.40,2.170230,0.160034
0.40,2.178287,0.160329
0.40,2.186323,0.160622
0.40,2.194409,0.160915
0.40,2.202474,0.161221
0.40,2.210592,0.161522
0.40,2.218687,0.161821
0.40,2.226833,0.162117
0.40,2.234958,0.162417
0.40,2.243131,0.162698
0.40,2.251284,0.162984
0.40,2.259485,0.163264
0.40,2.267668,0.163552
0.40,2.275899,0.163837
0.40,2.284110,0.164134
0.40,2.292371,0.164426
0.40,2.300612,0.164717
0.40,2.308901,0.165013
0.40,2.317173,0.165312
0.40,2.325491,0.165604
0.40,2.333792,0.165903
0.40,2.342142,0.166201
0.40,2.350473,0.166503
0.40,2.358850,0.166794
0.40,2.367210,0.167087
0.40,2.375615,0.167367
0.40,2.384005,0.167656
0.40,2.392439,0.167942
0.40,2.400857,0.168235
0.40,2.409320,0.168523
0.40,2.417769,0.168824
0.40,2.426260,0.169106
0.40,2.434739,0.169412
0.40,2.443260,0.169704
0.40,2.451771,0.170010
0.40,2.460322,0.170309
0.40,2.468861,0.170611
0.40,2.477440,0.170897
0.40,2.486010,0.171194
0.40,2.494620,0.171489
0.40,2.503216,0.171774
0.40,2.511859,0.172095
0.40,2.520487,0.172386
0.40,2.529161,0.172705
0.40,2.537819,0.173012
0.40,2.546521,0.173312
0.40,2.555209,0.173610
0.40,2.563942,0.173905
0.40,2.572661,0.174212
0.40,2.581424,0.174516
0.40,2.590176,0.174832
0.40,2.598968,0.175132
0.40,2.607751,0.175448
0.40,2.616574,0.175746
0.40,2.625387,0.176055
0.40,2.634240,0.176362
0.40,2.643085,0.176673
0.40,2.651969,0.176974
0.40,2.660845,0.177290
0.40,2.669762,0.177606
0.40,2.678667,0.177908
0.40,2.687614,0.178227
0.40,2.696550,0.178529
0.40,2.705530,0.178840
0.40,2.714499,0.179162
0.40,2.723509,0.179475
0.40,2.732510,0.179800
0.40,2.741552,0.180111
0.40,2.750584,0.180424
0.40,2.759658,0.180745
0.40,2.768723,0.181066
0.40,2.777829,0.181385
0.40,2.786926,0.181710
0.40,2.796063,0.182026
0.40,2.805193,0.182349
0.40,2.814362,0.182668
0.40,2.823526,0.183000
0.40,2.832728,0.183325
0.40,2.841925,0.183657
0.40,2.851159,0.183985
0.40,2.860389,0.184316
0.40,2.869657,0.184642
0.43,0.027827,0.000000
0.43,0.021349,0.000000
0.43,0.021183,0.000000
0.43,0.085810,0.000000
0.43,0.067121,0.196468
0.43,0.075774,0.272129
0.43,0.066370,0.225938
0.43,0.076821,-0.044947
0.43,0.069058,0.009686
0.43,0.080802,0.025136
0.43,0.075246,0.044380
0.43,0.106943,0.150609
0.43,0.285223,1.080824
0.43,0.403234,1.612163
0.43,0.436979,1.808662
0.43,0.432458,1.627573
0.43,0.449220,0.819986
0.43,0.546157,0.714614
0.43,0.617880,0.904508
0.43,0.691302,1.294222
0.43,0.714683,1.327315
0.43,0.742624,0.982335
0.43,0.782391,0.822555
0.43,0.855050,0.818737
0.43,0.868953,0.771351
0.43,0.898751,0.780634
0.43,0.927274,0.724414
0.43,0.965279,0.551147
0.43,0.999847,0.654471
0.43,1.038445,0.698469
0.43,1.071373,0.720493
0.43,1.113369,0.740449
0.43,1.144139,0.721458
0.43,1.177622,0.695887
0.43,1.205736,0.671818
0.43,1.238168,0.623997
0.43,1.265460,0.606603
0.43,1.299007,0.606925
0.43,1.327214,0.607386
0.43,1.358999,0.604155
0.43,1.385610,0.600752
0.43,1.418793,0.598929
0.43,1.445508,0.591473
0.43,1.477612,0.593064
0.43,1.502455,0.584226
0.43,1.533519,0.573630
0.43,1.557227,0.558595
0.43,1.587601,0.549946
0.43,1.610385,0.539647
0.43,1.640128,0.533046
0.43,1.662021,0.523968
0.43,1.691095,0.517470
0.43,1.712081,0.508482
0.43,1.740436,0.501539
0.43,1.760493,0.492362
0.43,1.788090,0.484971
0.43,1.807196,0.475574
0.43,1.834009,0.467868
0.43,1.852177,0.458418
0.43,1.878187,0.450487
0.43,1.895438,0.441213
0.43,1.920695,0.433430
0.43,1.937250,0.425364
0.43,1.962135,0.419740
0.43,1.978390,0.414757
0.43,2.003183,0.412441
0.43,2.019355,0.410525
0.43,2.044204,0.410343
0.43,2.060409,0.410094
0.43,2.085383,0.410997
0.43,2.101685,0.411650
0.43,2.126822,0.413092
0.43,2.143249,0.414202
0.43,2.168563,0.415904
0.43,2.185134,0.417246
0.43,2.210633,0.419056
0.43,2.227357,0.420539
0.43,2.253039,0.422379
0.43,2.269926,0.423959
0.43,2.295792,0.425794
0.43,2.312841,0.427422
0.43,2.338888,0.429244
0.43,2.356108,0.430913
0.43,2.382332,0.432701
0.43,2.399726,0.434425
0.43,2.426125,0.436185
0.43,2.443697,0.437945
0.43,2.470269,0.439683
0.43,2.488023,0.441483
0.43,2.514764,0.443195
0.43,2.532704,0.445035
0.43,2.559614,0.446727
0.43,2.577745,0.448611
0.43,2.604823,0.450293
0.43,2.623151,0.452234
0.43,2.650391,0.453885
0.43,2.668922,0.455884
0.43,2.696327,0.457521
0.43,2.715064,0.459566
0.43,2.742629,0.461191
0.43,2.761580,0.463292
0.43,2.789305,0.464888
0.43,2.808473,0.467043
0.43,2.836357,0.468638
0.43,2.855750,0.470850
0.43,2.883791,0.472433
0.43,2.903413,0.474700
0.43,2.931612,0.476274
0.43,2.951470,0.478602
0.43,2.979824,0.480165
0.43,2.999925,0.482560
0.43,3.028434,0.484109
0.43,3.048785,0.486572
0.43,3.077446,0.488111
0.43,3.098054,0.490646
0.43,3.126868,0.492171
0.43,3.147741,0.494784
0.43,3.176705,0.496296
0.43,3.197850,0.498980
0.43,3.226964,0.500482
0.43,3.248389,0.503239
0.43,3.277649,0.504719
0.43,3.299360,0.507549
0.43,3.328768,0.509017
0.43,3.350774,0.511922
0.43,3.380326,0.513386
0.43,3.402635,0.516374
0.43,3.432334,0.517830
0.43,3.454954,0.520903
0.43,3.484794,0.522340
0.43,3.507735,0.525501
0.43,3.537717,0.526919
0.43,3.560988,0.530170
0.43,3.591110,0.531579
0.43,3.614714,0.534893
0.43,3.644859,0.535709
0.43,3.668456,0.537341
0.43,3.698163,0.535264
0.43,3.721400,0.533431
0.43,3.750451,0.527958
0.43,3.773206,0.523745
0.43,3.801526,0.516816
0.43,3.823765,0.511824
0.43,3.851341,0.504452
0.43,3.873064,0.499290
0.43,3.899898,0.491859
0.43,3.921115,0.486750
0.43,3.947220,0.479391
0.43,3.967950,0.474430
0.43,3.993338,0.467203
0.43,4.013585,0.462351
0.43,4.038223,0.455015
0.43,4.057930,0.449901
0.43,4.081834,0.442476
0.43,4.101062,0.437384
0.43,4.124289,0.430333
0.43,4.143077,0.425739
0.43,4.165656,0.419111
0.43,4.184024,0.414812
0.43,4.205973,0.408417
0.43,4.223938,0.404305
0.43,4.245274,0.398091
0.43,4.262852,0.394138
0.43,4.283588,0.388075
0.43,4.300788,0.384248
0.43,4.320936,0.378312
0.43,4.337772,0.374599
0.43,4.357348,0.368801
0.43,4.373831,0.365213
0.43,4.392846,0.359550
0.43,4.408988,0.356079
0.43,4.427456,0.350540
0.43,4.443265,0.347174
0.43,4.461200,0.341768
0.43,4.476688,0.338500
0.43,4.494099,0.333216
0.43,4.509275,0.330048
0.43,4.526175,0.324876
0.43,4.541049,0.321805
0.43,4.557449,0.316748
0.43,4.572839,0.317821
0.43,4.591086,0.324556
0.43,4.609089,0.340202
0.43,4.629441,0.359958
0.43,4.648440,0.378005
0.43,4.667332,0.381230
0.43,4.681470,0.361906
0.43,4.691982,0.312707
0.43,4.701945,0.267525
0.43,4.713442,0.230548
0.43,4.727347,0.229383
0.43,4.745117,0.265675
0.43,4.760806,0.294303
0.43,4.771407,0.289826
0.43,4.781373,0.270132
0.43,4.791948,0.234153
0.43,4.802555,0.208746
0.43,4.813543,0.210681
0.43,4.824303,0.214650
0.43,4.828982,0.185170
0.46,0.027826,0.000000
0.46,0.021347,0.000000
0.46,0.020628,0.000000
0.46,0.054366,0.000000
0.46,0.044269,0.082211
0.46,0.055722,0.171876
0.46,0.048894,0.141328
0.46,0.061028,0.033311
0.46,0.054853,0.052920
0.46,0.068962,0.066198
0.46,0.066456,0.087812
0.46,0.161110,0.500410
0.46,0.327930,1.365387
0.46,0.466194,1.986161
0.46,0.509209,2.213764
0.46,0.554861,1.968752
0.46,0.607339,1.397048
0.46,0.700223,1.170146
0.46,0.727539,1.091649
0.46,0.747926,0.965325
0.46,0.772208,0.824342
0.46,0.815418,0.575974
0.46,0.862019,0.672402
0.46,0.914310,0.831922
0.46,0.963098,0.954453
0.46,1.009756,0.971691
0.46,1.051158,0.945692
0.46,1.090894,0.882920
0.46,1.131113,0.840075
0.46,1.178701,0.844725
0.46,1.225148,0.869953
0.46,1.268373,0.887395
0.46,1.306442,0.876641
0.46,1.343540,0.824193
0.46,1.385033,0.799425
0.46,1.425771,0.786991
0.46,1.464320,0.789390
0.46,1.501539,0.789994
0.46,1.538067,0.765168
0.46,1.574188,0.742081
0.46,1.609997,0.728384
0.46,1.645546,0.720034
0.46,1.680763,0.713483
0.46,1.715670,0.707412
0.46,1.750181,0.700921
0.46,1.784271,0.693625
0.46,1.817910,0.685734
0.46,1.851267,0.677984
0.46,1.884495,0.671569
0.46,1.917716,0.667225
0.46,1.951002,0.665459
0.46,1.984416,0.665745
0.46,2.017984,0.667445
0.46,2.051743,0.670136
0.46,2.085699,0.673485
0.46,2.119870,0.677273
0.46,2.154257,0.681364
0.46,2.188867,0.685620
0.46,2.223700,0.690007
0.46,2.258762,0.694458
0.46,2.294046,0.698949
0.46,2.329561,0.703471
0.46,2.365299,0.707993
0.46,2.401268,0.712528
0.46,2.437460,0.717070
0.46,2.473883,0.721609
0.46,2.510531,0.726160
0.46,2.547409,0.730708
0.46,2.584515,0.735273
0.46,2.621853,0.739852
0.46,2.659422,0.744458
0.46,2.697225,0.749078
0.46,2.735261,0.753731
0.46,2.773539,0.758431
0.46,2.812053,0.763154
0.46,2.850813,0.767939
0.46,2.889810,0.772743
0.46,2.929060,0.777602
0.46,2.968554,0.782503
0.46,3.008304,0.787454
0.46,3.048305,0.792477
0.46,3.088566,0.797531
0.46,3.129087,0.802669
0.46,3.169873,0.807849
0.46,3.210926,0.813103
0.46,3.252250,0.818419
0.46,3.293847,0.823799
0.46,3.335724,0.829252
0.46,3.377881,0.834776
0.46,3.420325,0.840377
0.46,3.463058,0.846056
0.46,3.506086,0.851810
0.46,3.549404,0.857613
0.46,3.592848,0.862617
0.46,3.636180,0.865609
0.46,3.679250,0.865824
0.46,3.721967,0.862815
0.46,3.764276,0.857137
0.46,3.806148,0.849837
0.46,3.847567,0.841582
0.46,3.888527,0.832800
0.46,3.929008,0.823663
0.46,3.968928,0.813900
0.46,4.008309,0.803710
0.46,4.047188,0.793306
0.46,4.085529,0.782602
0.46,4.123355,0.772139
0.46,4.160706,0.761988
0.46,4.197605,0.752086
0.46,4.234069,0.742700
0.46,4.270109,0.733768
0.46,4.305736,0.725149
0.46,4.340957,0.716762
0.46,4.375779,0.708553
0.46,4.410207,0.700492
0.46,4.444247,0.692552
0.46,4.477904,0.684732
0.46,4.511183,0.677021
0.46,4.544090,0.669415
0.46,4.576629,0.661915
0.46,4.608808,0.654519
0.46,4.640627,0.647216
0.46,4.672093,0.640011
0.46,4.703189,0.632796
0.46,4.733889,0.625405
0.46,4.764208,0.617909
0.46,4.794172,0.610399
0.46,4.823798,0.603046
0.46,4.853105,0.596081
0.46,4.882112,0.589518
0.46,4.910834,0.583309
0.46,4.939280,0.577410
0.46,4.967454,0.571746
0.46,4.995306,0.565969
0.46,5.022762,0.559641
0.46,5.046986,0.538531
0.46,5.004342,0.184440
0.46,4.990604,-0.023509
0.46,5.018313,-0.022248
0.46,5.047230,0.001219
0.46,5.047909,0.217835
0.46,4.994409,0.019027
0.46,5.072134,0.269105
0.46,5.017562,-0.148337
0.46,5.057026,0.045585
0.46,5.017031,0.113108
0.46,5.115987,0.219266
0.46,5.038281,0.103592
0.46,5.118009,0.304915
0.46,5.073847,0.284084
0.46,5.072354,-0.218163
0.46,5.116536,0.391274
0.46,5.010241,-0.538840
0.46,5.105866,0.160094
0.46,5.070899,-0.007275
0.46,5.016648,-0.499437
0.46,5.136415,0.630870
0.46,5.086581,-0.096425
0.46,5.005111,-0.328943
0.46,5.133002,0.581766
0.46,5.097559,-0.194279
0.46,5.045183,-0.206993
0.46,5.163318,0.791035
0.46,5.125434,-0.037837
0.46,5.053072,-0.222435
0.46,4.992985,-0.260990
0.46,5.205976,0.213292
0.46,5.092119,-0.166574
0.46,5.054345,0.006364
0.46,5.109193,0.581043
0.46,5.194369,-0.058035
0.46,5.104539,0.062097
0.46,5.054888,0.002717
0.46,5.105489,-0.018520
0.46,5.186432,-0.039683
0.46,5.103783,-0.003777
0.46,5.077686,0.113987
0.46,5.012508,-0.464904
0.46,5.170416,-0.080081
0.46,5.211881,0.540491
0.46,5.161761,0.420378
0.46,5.080013,0.337524
0.46,5.048091,-0.611626
0.46,5.125354,-0.432635
0.46,5.228140,0.331891
0.46,5.148847,0.344170
0.46,5.115347,0.336282
0.46,5.040179,-0.425879
0.46,5.024035,-1.020523
0.46,5.231443,0.412980
0.46,5.223744,0.541983
0.46,5.145410,0.526154
0.46,5.113591,0.447778
0.46,5.042139,-0.946521
0.46,5.021052,-1.013459
0.46,5.241694,0.481424
0.46,5.247089,0.667490
0.46,5.169201,0.635312
0.46,5.137432,0.581899
0.46,5.066717,-0.874889
0.50,0.027827,0.000000
0.50,0.021349,0.000000
0.50,0.020101,0.000000
0.50,0.053478,0.000000
0.50,0.014006,-0.069103
0.50,0.068023,0.233370
0.50,0.132101,0.560000
0.50,0.203970,0.752459
0.50,0.244217,1.151055
0.50,0.344855,1.384160
0.50,0.401494,1.346968
0.50,0.422306,1.091680
0.50,0.502839,1.293111
0.50,0.566907,1.110259
0.50,0.662347,1.304267
0.50,0.683219,1.304564
0.50,0.710285,1.037230
0.50,0.809742,1.214178
0.50,0.849421,0.935368
0.50,0.905414,1.110973
0.50,0.964423,1.270688
0.50,1.028117,1.091873
0.50,1.084261,1.174198
0.50,1.144214,1.194003
0.50,1.195938,1.157573
0.50,1.248297,1.100902
0.50,1.293899,1.048194
0.50,1.345423,1.006043
0.50,1.391165,0.976137
0.50,1.442085,0.968941
0.50,1.486756,0.964284
0.50,1.538276,0.964267
0.50,1.583607,0.962208
0.50,1.636218,0.970665
0.50,1.681767,0.975052
0.50,1.734680,0.982017
0.50,1.780225,0.983091
0.50,1.833784,0.987830
0.50,1.879947,0.990903
0.50,1.934527,0.999238
0.50,1.981582,1.006786
0.50,2.037289,1.017524
0.50,2.085334,1.026931
0.50,2.142178,1.038251
0.50,2.191241,1.048293
0.50,2.249205,1.059578
0.50,2.299301,1.069835
0.50,2.358358,1.080901
0.50,2.409501,1.091300
0.50,2.469632,1.102139
0.50,2.521840,1.112697
0.50,2.583033,1.123377
0.50,2.636331,1.134152
0.50,2.698582,1.144751
0.50,2.753008,1.155838
0.50,2.816319,1.166428
0.50,2.871914,1.177915
0.50,2.936290,1.188536
0.50,2.993113,1.200526
0.50,3.058565,1.211229
0.50,3.116673,1.223797
0.50,3.183216,1.234631
0.50,3.242681,1.247840
0.50,3.310332,1.258839
0.50,3.371235,1.272810
0.50,3.440020,1.284019
0.50,3.502299,1.298090
0.50,3.571511,1.305894
0.50,3.633964,1.313643
0.50,3.702400,1.311903
0.50,3.764308,1.310047
0.50,3.831487,1.299879
0.50,3.892658,1.293473
0.50,3.958370,1.279849
0.50,4.018219,1.269555
0.50,4.081567,1.250397
0.50,4.139919,1.236305
0.50,4.201409,1.215195
0.50,4.258729,1.202550
0.50,4.318618,1.185255
0.50,4.375097,1.175890
0.50,4.433482,1.160366
0.50,4.489227,1.152489
0.50,4.546151,1.137668
0.50,4.601235,1.130690
0.50,4.656600,1.115591
0.50,4.710738,1.107556
0.50,4.764392,1.091202
0.50,4.817427,1.080957
0.50,4.870028,1.067136
0.50,4.922199,1.057303
0.50,4.973825,1.047166
0.50,5.024820,1.036966
0.50,5.074902,1.024372
0.50,5.050642,0.642214
0.50,5.022760,0.244677
0.50,5.088598,0.318889
0.50,5.011558,-0.316719
0.50,5.106133,0.277459
0.50,5.075461,0.263504
0.50,4.972648,-0.579752
0.50,5.141417,0.649296
0.50,5.143908,0.188872
0.50,5.053245,-0.111080
0.50,5.013384,0.203683
0.50,5.189525,0.240536
0.50,5.160975,0.085335
0.50,5.081988,0.143716
0.50,5.054230,0.204230
0.50,4.989907,-0.998090
0.50,5.307676,0.733508
0.50,5.247089,0.825502
0.50,5.216104,0.809370
0.50,5.152879,0.814864
0.50,5.139722,-0.839772
0.50,5.090586,-0.782512
0.50,5.090511,-0.627964
0.50,5.054443,-0.492182
0.50,5.064526,-0.375981
0.50,5.039067,-0.257596
0.50,5.057043,-0.167341
0.50,5.039788,-0.073273
0.50,5.063814,-0.003558
0.50,5.052730,0.068317
0.50,5.081305,0.121312
0.50,5.074772,0.174917
0.50,5.106695,0.214405
0.50,5.103448,0.253590
0.50,5.137782,0.282384
0.50,5.136856,0.310421
0.50,5.172868,0.330865
0.50,5.173537,0.350445
0.50,5.210680,0.364488
0.50,5.212399,0.377718
0.50,5.250258,0.386950
0.50,5.252629,0.395459
0.50,5.290896,0.401079
0.50,5.295963,0.417820
0.50,5.338330,0.440359
0.50,5.354908,0.511396
0.50,5.398765,0.539346
0.50,5.411274,0.576555
0.50,5.450669,0.561695
0.50,5.433859,0.394753
0.50,5.468638,0.349364
0.50,5.465878,0.273018
0.50,5.506750,0.280407
0.50,5.527769,0.469552
0.50,5.563197,0.472797
0.50,5.533249,0.336855
0.50,5.557446,0.253479
0.50,5.931116,2.016733
0.50,6.164245,3.005239
0.50,6.296487,3.816188
0.50,6.433617,4.380855
0.50,6.527235,2.980597
0.50,6.651120,2.434374
0.50,6.731024,2.172687
0.50,6.806660,1.865213
0.50,6.857900,1.653324
0.50,6.930847,1.398639
0.50,6.970366,1.196712
0.50,7.032138,1.127392
0.50,7.058208,1.001542
0.50,7.131216,1.001841
0.50,7.160742,0.951879
0.50,7.225635,0.967483
0.50,7.253077,0.974342
0.50,7.312074,0.904291
0.50,7.338173,0.887155
0.50,7.395321,0.848430
0.50,7.420674,0.837986
0.50,7.476966,0.824460
0.50,7.501809,0.818179
0.50,7.557468,0.810734
0.50,7.581854,0.805901
0.50,7.636911,0.799726
0.50,7.660839,0.795150
0.50,7.715290,0.789114
0.50,7.738757,0.784514
0.50,7.792599,0.778439
0.50,7.815601,0.773809
0.50,7.868829,0.767691
0.50,7.891373,0.763080
0.50,7.943993,0.756972
0.50,7.966081,0.752398
0.50,8.018096,0.746335
0.50,8.039732,0.741795
0.50,8.091150,0.735782
0.50,8.112344,0.731319
0.50,8.163170,0.725370
0.50,8.183929,0.720983
0.50,8.234168,0.715094
0.50,8.254498,0.710769
0.50,8.304157,0.704937
0.50,8.324064,0.700678
0.50,8.373150,0.694909
0.50,8.392643,0.690722
0.50,8.441158,0.685004
0.50,8.460240,0.680880
0.60,0.027828,0.000000
0.60,0.021349,0.000000
0.60,0.018907,0.000000
0.60,0.055403,0.000000
0.60,0.040566,0.063690
0.60,0.053682,0.161667
0.60,0.051015,0.160539
0.60,0.175197,0.598969
0.60,0.336615,1.480246
0.60,0.445611,1.959642
0.60,0.550174,2.495793
0.60,0.607690,2.162466
0.60,0.734592,1.989887
0.60,0.776718,1.655535
0.60,0.951895,2.008604
0.60,0.975035,1.836723
0.60,1.119805,1.926062
0.60,1.192918,2.081000
0.60,1.243715,1.459104
0.60,1.315811,1.703883
0.60,1.401905,1.410502
0.60,1.463506,1.352940
0.60,1.535369,1.458267
0.60,1.609229,1.467091
0.60,1.691240,1.446674
0.60,1.771684,1.540894
0.60,1.864600,1.646154
0.60,1.954010,1.723902
0.60,2.054695,1.817275
0.60,2.150787,1.895511
0.60,2.257468,1.964340
0.60,2.358934,2.024623
0.60,2.470677,2.079910
0.60,2.576866,2.130398
0.60,2.693206,2.178693
0.60,2.803879,2.224722
0.60,2.924633,2.269784
0.60,3.039842,2.314880
0.60,3.165033,2.359134
0.60,3.284814,2.404674
0.60,3.413150,2.442583
0.60,3.535143,2.476504
0.60,3.664087,2.495270
0.60,3.787513,2.513496
0.60,3.915326,2.510878
0.60,4.035339,2.500979
0.60,4.157370,2.466414
0.60,4.274831,2.436592
0.60,4.393176,2.389249
0.60,4.508128,2.363946
0.60,4.621512,2.320713
0.60,4.733755,2.294617
0.60,4.845193,2.260089
0.60,4.955795,2.238335
0.60,5.065550,2.220189
0.60,5.169548,2.178965
0.60,5.118756,1.367811
0.60,5.020562,0.323836
0.60,5.172467,0.534582
0.60,5.185045,0.077486
0.60,5.156784,0.190142
0.60,5.104144,0.417908
0.60,5.109684,-0.313915
0.60,5.089914,-0.475653
0.60,5.125033,-0.158754
0.60,5.136292,0.160740
0.60,5.161550,0.259330
0.60,5.140292,0.251889
0.60,5.512866,1.939162
0.60,5.901435,3.825718
0.60,6.098483,4.684666
0.60,6.262073,5.608907
0.60,6.425848,4.564911
0.60,6.552478,3.255214
0.60,6.698106,2.998118
0.60,6.809461,2.736938
0.60,6.944676,2.594142
0.60,7.047365,2.474434
0.60,7.176265,2.390793
0.60,7.273812,2.321758
0.60,7.398636,2.269798
0.60,7.492935,2.227848
0.60,7.614926,2.193303
0.60,7.707008,2.165980
0.60,7.826862,2.141129
0.60,7.917307,2.121862
0.60,8.035416,2.102454
0.60,8.124544,2.087677
0.60,8.241127,2.071326
0.60,8.329129,2.059109
0.60,8.444300,2.044420
0.60,8.531283,2.033696
0.60,8.645112,2.019924
0.60,8.731150,2.010106
0.60,8.843667,1.996831
0.60,8.928808,1.987623
0.60,9.040027,1.974577
0.60,9.124307,1.965784
0.60,9.234238,1.952856
0.60,9.317687,1.944397
0.60,9.426332,1.931522
0.60,9.508979,1.923363
0.60,9.617953,1.918577
0.60,9.711197,1.967549
0.60,9.823076,1.983723
0.60,9.897210,1.941152
0.60,9.998174,1.901102
0.60,10.085069,1.869362
0.60,10.187622,1.822728
0.60,10.261076,1.819329
0.60,10.362097,1.819615
0.60,10.365485,1.402079
0.60,10.370800,0.915890
0.60,10.543442,1.411831
0.60,10.862831,2.503669
0.60,11.089201,3.618580
0.60,11.265450,4.473253
0.60,11.387375,4.219664
0.60,11.505097,3.211333
0.60,11.591006,2.509024
0.60,11.687362,2.109558
0.60,11.762257,1.874411
0.60,11.850706,1.728043
0.60,11.921438,1.652162
0.60,12.006362,1.595003
0.60,12.075261,1.565018
0.60,12.158216,1.537551
0.60,12.226321,1.524414
0.60,12.307980,1.508089
0.60,12.375729,1.502343
0.60,12.456359,1.490715
0.60,12.523934,1.488063
0.60,12.603635,1.478272
0.60,12.671115,1.476928
0.60,12.749925,1.467831
0.60,12.817354,1.467102
0.60,12.895278,1.458218
0.60,12.962679,1.457822
0.60,13.039714,1.448943
0.60,13.107109,1.448776
0.60,13.183244,1.439830
0.60,13.250654,1.439873
0.60,13.325875,1.430808
0.60,13.393318,1.431046
0.60,13.467611,1.421834
0.60,13.535120,1.422329
0.60,13.608456,1.412902
0.60,13.676064,1.413727
0.60,13.748355,1.403718
0.60,13.816127,1.405034
0.60,13.887169,1.393566
0.60,13.955121,1.395287
0.60,14.024885,1.382651
0.60,14.092838,1.383557
0.60,14.161554,1.371927
0.60,14.229329,1.371040
0.60,14.297290,1.362027
0.60,14.364770,1.359657
0.60,14.432180,1.353130
0.60,14.499306,1.349882
0.60,14.566273,1.344913
0.60,14.633023,1.341266
0.60,14.699587,1.337036
0.60,14.765956,1.333250
0.60,14.832137,1.329321
0.60,14.898129,1.325530
0.60,14.963932,1.321725
0.60,15.029548,1.317962
0.60,15.094977,1.314200
0.60,15.160219,1.310452
0.60,15.225276,1.306718
0.60,15.290147,1.302994
0.60,15.354834,1.299284
0.60,15.419338,1.295594
0.60,15.483656,1.291898
0.60,15.547793,1.288231
0.60,15.611743,1.284545
0.60,15.675513,1.280878
0.60,15.739103,1.277235
0.60,15.802509,1.273578
0.60,15.865731,1.269940
0.60,15.928775,1.266306
0.60,15.991636,1.262668
0.60,16.054321,1.259063
0.60,16.116828,1.255486
0.60,16.179154,1.251896
0.60,16.241300,1.248320
0.60,16.303269,1.244738
0.60,16.365061,1.241162
0.60,16.426675,1.237605
0.60,16.488110,1.234048
0.60,16.549371,1.230509
0.60,16.610455,1.226971
0.60,16.671363,1.223443
0.60,16.732096,1.219933
0.60,16.792656,1.216424
0.60,16.855331,1.224381
0.60,16.920100,1.243685
0.60,16.997731,1.328174
0.60,17.049347,1.283458
0.70,0.027827,0.000000
0.70,0.021348,0.000000
0.70,0.018060,0.000000
0.70,0.041728,0.000000
0.70,0.034026,0.030997
0.70,0.047381,0.130167
0.70,0.147677,0.648084
0.70,0.350515,1.543937
0.70,0.532535,2.492544
0.70,0.562551,2.575847
0.70,0.735147,2.937350
0.70,0.840957,2.452212
0.70,0.975814,2.216396
0.70,1.030908,2.341787
0.70,1.150370,2.076115
0.70,1.329952,2.444974
0.70,1.407188,2.156868
0.70,1.513193,2.411423
0.70,1.598576,2.241030
0.70,1.700397,1.852226
0.70,1.817861,2.053364
0.70,1.948158,2.174826
0.70,2.088978,2.452011
0.70,2.238831,2.692169
0.70,2.396540,2.893399
0.70,2.561417,3.066294
0.70,2.732911,3.219665
0.70,2.910820,3.359945
0.70,3.094242,3.488508
0.70,3.281747,3.601652
0.70,3.473063,3.700758
0.70,3.669333,3.792566
0.70,3.864047,3.849024
0.70,4.051654,3.849532
0.70,4.232536,3.797365
0.70,4.408270,3.694683
0.70,4.580986,3.584695
0.70,4.752110,3.502283
0.70,4.922235,3.448495
0.70,5.091714,3.417218
0.70,5.249103,3.340584
0.70,5.203717,2.258033
0.70,5.133132,1.054488
0.70,5.130287,0.192865
0.70,5.111973,-0.685646
0.70,5.155641,-0.240378
0.70,5.129367,-0.018828
0.70,5.148613,0.091631
0.70,5.673761,2.808939
0.70,5.955695,4.000272
0.70,6.181000,5.258168
0.70,6.416635,6.340110
0.70,6.617821,4.720299
0.70,6.832913,4.386089
0.70,7.015339,4.171692
0.70,7.218820,4.010924
0.70,7.391788,3.869835
0.70,7.588755,3.779210
0.70,7.756429,3.705450
0.70,7.949402,3.652913
0.70,8.113917,3.610648
0.70,8.304186,3.577152
0.70,8.466678,3.551245
0.70,8.654915,3.527563
0.70,8.816007,3.510446
0.70,9.002551,3.491826
0.70,9.162620,3.479709
0.70,9.347651,3.463682
0.70,9.353463,2.687282
0.70,9.361632,1.795403
0.70,9.632175,2.347777
0.70,10.005441,3.288952
0.70,10.277607,4.620721
0.70,10.504259,5.713137
0.70,10.666080,5.169524
0.70,10.823499,4.090288
0.70,10.951268,3.368305
0.70,11.094017,2.948790
0.70,11.214551,2.742359
0.70,11.351993,2.642469
0.70,11.469980,2.593559
0.70,11.604719,2.553508
0.70,11.721031,2.532398
0.70,11.852773,2.503902
0.70,11.968644,2.493321
0.70,12.100775,2.480283
0.70,12.222151,2.505602
0.70,12.349075,2.481510
0.70,12.463767,2.475612
0.70,12.590636,2.449303
0.70,12.702025,2.399370
0.70,12.823454,2.371893
0.70,12.928792,2.325128
0.70,13.052690,2.310269
0.70,13.170287,2.341309
0.70,13.292456,2.345013
0.70,13.404044,2.376259
0.70,13.524442,2.358759
0.70,13.641924,2.358185
0.70,13.759471,2.335073
0.70,13.876179,2.360674
0.70,13.992926,2.342424
0.70,14.109477,2.337762
0.70,14.225990,2.332595
0.70,14.342416,2.331188
0.70,14.458769,2.329215
0.70,14.575040,2.327818
0.70,14.691223,2.326165
0.70,14.807314,2.324490
0.70,14.923312,2.322711
0.70,15.039216,2.320876
0.70,15.155022,2.318997
0.70,15.270731,2.317082
0.70,15.386342,2.315152
0.70,15.501854,2.313193
0.70,15.617268,2.311229
0.70,15.732582,2.309255
0.70,15.847794,2.307261
0.70,15.962909,2.305273
0.70,16.077923,2.303275
0.70,16.103509,1.854635
0.70,16.104590,1.283981
0.70,16.204593,1.208419
0.70,16.404595,1.633359
0.70,16.566949,2.317202
0.70,16.705257,3.003334
0.70,16.827675,3.115412
0.70,16.939593,2.674989
0.70,17.044556,2.388034
0.70,17.144907,2.198249
0.70,17.242191,2.072582
0.70,17.337429,1.989182
0.70,17.431286,1.933648
0.70,17.524209,1.896511
0.70,17.616491,1.871496
0.70,17.708323,1.854473
0.70,17.799834,1.842742
0.70,17.891108,1.834493
0.70,17.982203,1.828561
0.70,18.073151,1.824136
0.70,18.163978,1.820721
0.70,18.254701,1.817965
0.70,18.345325,1.815610
0.70,18.435860,1.813550
0.70,18.526312,1.811671
0.70,18.616680,1.809897
0.70,18.706972,1.808238
0.70,18.797180,1.806597
0.70,18.887310,1.804986
0.70,18.977361,1.803403
0.70,19.067336,1.801820
0.70,19.157231,1.800256
0.70,19.247046,1.798682
0.70,19.336786,1.797128
0.70,19.426449,1.795564
0.70,19.516037,1.794028
0.70,19.605543,1.792483
0.70,19.694972,1.790929
0.70,19.784320,1.789355
0.70,19.873587,1.787753
0.70,19.962779,1.786180
0.70,20.051892,1.784597
0.70,20.141323,1.785017
0.70,20.227089,1.767508
0.70,20.320882,1.790516
0.70,20.408212,1.781603
0.70,20.485744,1.722105
0.70,20.559934,1.664225
0.70,20.636931,1.580244
0.70,20.724823,1.583052
0.70,20.815267,1.647616
0.70,20.907053,1.735594
0.70,20.998195,1.806323
0.70,21.088349,1.817632
0.70,21.178724,1.817280
0.70,21.268677,1.808119
0.70,21.254663,1.282340
0.70,21.224711,0.681812
0.70,21.193464,0.073701
0.70,21.358328,0.448256
0.70,21.487609,1.164728
0.70,21.596761,1.860250
0.70,21.690986,2.487614
0.70,21.773772,2.077219
0.70,21.848937,1.806641
0.70,21.919084,1.611613
0.70,21.985952,1.474829
0.70,22.050689,1.384587
0.70,22.114031,1.325471
0.70,22.176449,1.286828
0.70,22.238251,1.261495
0.70,22.299637,1.244740
0.70,22.360733,1.233508
0.70,22.421620,1.225854
0.70,22.482350,1.220495
0.70,22.542962,1.216627
0.70,22.603472,1.213696
0.70,22.663902,1.211408
0.70,22.724259,1.209546
0.70,22.784548,1.207929
