s,x,y,yaw,kappa,speed
0.0,105.12,170.06,-0.005692,0.0,3.0
0.5,105.62,170.06,-0.005692,0.0,3.0
1.0,106.12,170.05,-0.005692,0.0,3.0
1.5,106.62,170.05,-0.005692,0.0,3.0
2.0,107.12,170.05,-0.005692,0.0,3.0
2.5,107.62,170.04,-0.005692,0.0,3.0
3.0,108.12,170.04,-0.005692,0.0,3.0
3.5,108.62,170.04,-0.005692,0.0,3.0
4.0,109.12,170.04,-0.005692,0.0,3.0
4.5,109.62,170.03,-0.005692,0.0,3.0
5.0,110.12,170.03,-0.005692,0.0,3.0
5.5,110.62,170.03,-0.005692,0.0,3.0
6.0,111.12,170.02,-0.005692,0.0,3.0
6.5,111.62,170.02,-0.005692,0.0,3.0
7.0,112.12,170.02,-0.005692,0.0,3.0
7.5,112.62,170.02,-0.005692,0.0,3.0
8.0,113.12,170.01,-0.005692,0.0,3.0
8.5,113.62,170.01,-0.005692,0.0,3.0
9.0,114.12,170.01,-0.005692,0.0,3.0
9.5,114.62,170.0,-0.005692,0.0,3.0
10.0,115.12,170.0,-0.005692,0.0,3.0
10.5,115.62,170.0,-0.005692,0.0,3.0
11.0,116.12,170.0,-0.005692,0.0,3.0
11.5,116.62,169.99,-0.005692,0.0,3.0
12.0,117.12,169.99,-0.005692,0.0,3.0
12.5,117.62,169.99,-0.005692,0.0,3.0
13.31,118.43,169.98,-0.005692,-0.0,3.0
13.81,118.93,169.98,-0.005692,0.0,3.0
14.31,119.43,169.98,-0.005692,0.0,3.0
14.81,119.93,169.97,-0.005692,0.0,3.0
15.31,120.43,169.97,-0.005692,0.0,3.0
15.81,120.93,169.97,-0.005692,0.0,3.0
16.31,121.43,169.97,-0.005692,0.0,3.0
16.81,121.93,169.96,-0.005692,0.0,3.0
17.31,122.43,169.96,-0.005692,0.0,3.0
17.81,122.93,169.96,-0.005692,0.0,3.0
18.31,123.43,169.95,-0.005692,0.0,3.0
18.81,123.93,169.95,-0.005692,0.0,3.0
19.31,124.43,169.95,-0.005692,0.0,3.0
19.81,124.93,169.95,-0.005692,0.0,3.0
20.31,125.43,169.94,-0.005692,0.0,3.0
20.81,125.93,169.94,-0.005692,0.0,3.0
21.31,126.43,169.94,-0.005692,0.0,3.0
21.81,126.93,169.93,-0.005692,0.0,3.0
22.31,127.43,169.93,-0.005692,0.0,3.0
22.81,127.93,169.93,-0.005692,0.0,3.0
23.31,128.43,169.93,-0.005692,0.0,3.0
23.81,128.93,169.92,-0.005692,0.0,3.0
24.31,129.43,169.92,-0.005692,0.0,3.0
24.81,129.93,169.92,-0.005692,0.0,3.0
25.31,130.43,169.91,-0.005692,0.0,3.0
25.81,130.93,169.91,-0.005692,0.0,3.0
26.31,131.43,169.91,-0.005692,0.0,3.0
26.81,131.93,169.91,-0.005692,0.0,3.0
27.31,132.43,169.9,-0.005692,0.0,3.0
27.81,132.93,169.9,-0.005692,0.0,3.0
28.31,133.43,169.9,-0.005692,0.0,3.0
28.81,133.93,169.89,-0.005692,0.0,3.0
29.31,134.43,169.89,-0.005692,0.0,3.0
29.81,134.93,169.89,-0.005692,0.0,3.0
30.31,135.43,169.89,-0.005692,0.0,3.0
30.81,135.93,169.88,-0.005692,0.0,3.0
31.31,136.43,169.88,-0.005692,0.0,3.0
31.81,136.93,169.88,-0.005692,0.0,3.0
32.31,137.43,169.87,-0.005692,0.0,3.0
32.81,137.93,169.87,-0.005692,0.0,3.0
33.31,138.43,169.87,-0.005692,0.0,3.0
33.81,138.93,169.87,-0.005692,0.0,3.0
34.31,139.43,169.86,-0.005692,0.0,3.0
34.81,139.93,169.86,-0.005692,0.0,3.0
35.31,140.43,169.86,-0.005692,0.0,3.0
36.19,141.31,169.85,-0.005692,0.0,3.0
36.69,141.81,169.85,-0.005692,0.0,3.0
37.19,142.31,169.85,-0.005692,0.0,3.0
37.69,142.81,169.84,-0.005692,0.0,3.0
38.19,143.31,169.84,-0.005692,0.0,3.0
38.69,143.81,169.84,-0.005692,0.0,3.0
39.19,144.31,169.84,-0.005692,0.0,3.0
39.69,144.81,169.83,-0.005692,0.0,3.0
40.19,145.31,169.83,-0.005692,0.0,3.0
40.69,145.81,169.83,-0.005692,0.0,3.0
41.19,146.31,169.82,-0.005692,0.0,3.0
41.69,146.81,169.82,-0.005692,0.0,3.0
42.19,147.31,169.82,-0.005692,0.0,3.0
42.69,147.81,169.82,-0.005692,0.0,3.0
43.19,148.31,169.81,-0.005692,0.0,3.0
43.69,148.81,169.81,-0.005692,0.0,3.0
44.19,149.31,169.81,-0.005692,0.0,3.0
44.69,149.81,169.8,-0.005692,0.0,3.0
45.19,150.31,169.8,-0.005692,0.0,3.0
45.69,150.81,169.8,-0.005692,0.0,3.0
46.19,151.31,169.8,-0.005692,0.0,3.0
46.69,151.81,169.79,-0.005692,0.0,3.0
47.19,152.31,169.79,-0.005692,0.0,3.0
47.69,152.81,169.79,-0.005692,0.0,3.0
48.19,153.31,169.78,-0.005692,0.0,3.0
48.69,153.81,169.78,-0.005692,0.0,3.0
49.19,154.31,169.78,-0.005692,0.0,3.0
49.69,154.81,169.78,-0.005692,0.0,3.0
50.19,155.31,169.77,-0.005692,0.0,3.0
50.69,155.81,169.77,-0.005692,0.0,3.0
51.19,156.31,169.77,-0.005692,0.0,3.0
51.69,156.81,169.76,-0.005692,0.0,3.0
52.19,157.31,169.76,-0.005692,0.0,3.0
52.69,157.81,169.76,-0.005692,0.0,3.0
53.19,158.31,169.76,-0.005692,0.0,3.0
53.69,158.81,169.75,-0.005692,0.0,3.0
54.19,159.31,169.75,-0.005692,0.0,3.0
54.69,159.81,169.75,-0.005692,0.0,3.0
55.19,160.31,169.74,-0.005692,0.0,3.0
55.69,160.81,169.74,-0.005692,0.0,3.0
56.19,161.31,169.74,-0.005692,0.0,3.0
56.69,161.81,169.74,-0.005692,0.0,3.0
57.19,162.31,169.73,-0.005692,0.0,3.0
57.69,162.81,169.73,-0.005692,0.0,3.0
58.19,163.31,169.73,-0.005692,0.0,3.0
58.69,163.81,169.72,-0.005692,0.0,3.0
59.19,164.31,169.72,-0.005692,0.0,3.0
59.69,164.81,169.72,-0.005692,0.0,3.0
60.19,165.31,169.72,-0.005692,0.0,3.0
60.69,165.81,169.71,-0.005692,0.0,3.0
61.19,166.31,169.71,-0.005692,0.0,3.0
61.69,166.81,169.71,-0.005692,0.0,3.0
62.19,167.31,169.7,-0.005692,0.0,3.0
62.69,167.81,169.7,-0.005692,0.0,3.0
63.19,168.31,169.7,-0.005692,0.0,3.0
63.69,168.81,169.7,-0.005692,0.0,3.0
64.19,169.31,169.69,-0.005692,0.0,3.0
64.69,169.81,169.69,-0.005692,0.0,3.0
65.19,170.31,169.69,-0.005692,0.0,3.0
65.69,170.81,169.68,-0.005692,0.0,3.0
66.19,171.31,169.68,-0.005692,0.0,3.0
66.69,171.81,169.68,-0.005692,0.0,3.0
67.19,172.31,169.68,-0.005692,0.0,3.0
67.69,172.81,169.67,-0.005692,0.0,3.0
68.19,173.31,169.67,-0.005692,0.0,3.0
68.69,173.81,169.67,-0.005692,0.0,3.0
69.19,174.31,169.66,-0.005692,0.0,3.0
69.69,174.81,169.66,-0.005692,0.0,3.0
70.19,175.31,169.66,-0.005692,0.0,3.0
70.69,175.81,169.66,-0.005692,0.0,3.0
71.19,176.31,169.65,-0.005692,0.0,3.0
71.69,176.81,169.65,-0.005692,0.0,3.0
72.19,177.31,169.65,-0.005692,0.0,3.0
72.69,177.81,169.64,-0.005692,0.0,3.0
73.19,178.31,169.64,-0.005692,0.0,3.0
73.69,178.81,169.64,-0.005692,0.0,3.0
74.19,179.31,169.64,-0.005692,0.0,3.0
74.69,179.81,169.63,-0.005692,0.0,3.0
75.19,180.31,169.63,-0.005692,0.0,3.0
75.69,180.81,169.63,-0.005692,0.0,3.0
76.19,181.31,169.62,-0.005692,0.0,3.0
76.69,181.81,169.62,-0.005692,0.0,3.0
77.19,182.31,169.62,-0.005692,0.0,3.0
77.69,182.81,169.62,-0.005692,0.0,3.0
78.19,183.31,169.61,-0.005692,0.0,3.0
78.69,183.81,169.61,-0.005692,0.0,3.0
79.19,184.31,169.61,-0.005692,0.0,3.0
79.69,184.81,169.6,-0.005692,0.0,3.0
80.19,185.31,169.6,-0.005692,0.0,3.0
80.69,185.81,169.6,-0.005692,0.0,3.0
81.19,186.31,169.6,-0.005692,0.0,3.0
81.69,186.81,169.59,-0.005692,0.0,3.0
82.19,187.31,169.59,-0.005692,0.0,3.0
82.69,187.81,169.59,-0.005692,0.0,3.0
83.19,188.31,169.58,-0.005692,0.0,3.0
83.69,188.81,169.58,-0.005692,0.0,3.0
84.19,189.31,169.58,-0.005692,0.0,3.0
84.69,189.81,169.58,-0.005692,0.0,3.0
85.19,190.31,169.57,-0.005692,0.0,3.0
86.1,191.22,169.57,-0.005692,0.0,3.0
86.6,191.72,169.57,-0.005692,0.0,3.0
87.1,192.22,169.56,-0.005692,0.0,3.0
87.6,192.72,169.56,-0.005692,0.0,3.0
88.1,193.22,169.56,-0.005692,0.0,3.0
88.6,193.72,169.55,-0.005692,0.0,3.0
89.1,194.22,169.55,-0.005692,0.0,3.0
89.6,194.72,169.55,-0.005692,0.0,3.0
90.1,195.22,169.55,-0.005692,0.0,3.0
90.6,195.72,169.54,-0.005692,0.0,3.0
91.1,196.22,169.54,-0.005692,0.0,3.0
91.6,196.72,169.54,-0.005692,0.0,3.0
92.1,197.22,169.53,-0.005692,0.0,3.0
92.6,197.72,169.53,-0.005692,0.0,3.0
93.1,198.22,169.53,-0.005692,0.0,3.0
93.6,198.72,169.53,-0.005692,0.0,3.0
94.1,199.22,169.52,-0.005692,0.0,3.0
94.6,199.72,169.52,-0.005692,0.0,3.0
95.1,200.22,169.52,-0.005692,0.0,3.0
95.6,200.72,169.51,-0.005692,0.0,3.0
96.1,201.22,169.51,-0.005692,0.0,3.0
96.6,201.72,169.51,-0.005692,0.0,3.0
97.1,202.22,169.51,-0.005692,0.0,3.0
97.6,202.72,169.5,-0.005692,0.0,3.0
98.1,203.22,169.5,-0.005692,0.0,3.0
98.6,203.72,169.5,-0.005692,0.0,3.0
99.1,204.22,169.49,-0.005692,0.0,3.0
99.6,204.72,169.49,-0.005692,0.0,3.0
100.1,205.22,169.49,-0.005692,0.0,3.0
100.6,205.72,169.49,-0.005692,0.0,3.0
101.1,206.22,169.48,-0.005692,0.0,3.0
101.6,206.72,169.48,-0.005692,0.0,3.0
102.1,207.22,169.48,-0.005692,0.0,3.0
102.6,207.72,169.47,-0.005692,0.0,3.0
103.1,208.22,169.47,-0.005692,0.0,3.0
103.6,208.72,169.47,-0.005692,0.0,3.0
104.1,209.22,169.47,-0.005692,0.0,3.0
104.6,209.72,169.46,-0.005692,0.0,3.0
105.46,210.58,169.46,-0.005692,0.0,3.0
105.96,211.08,169.46,-0.005692,0.0,3.0
106.46,211.58,169.45,-0.005692,0.0,3.0
106.96,212.08,169.45,-0.005692,0.0,3.0
107.46,212.58,169.45,-0.005692,0.0,3.0
107.96,213.08,169.44,-0.005692,0.0,3.0
108.46,213.58,169.44,-0.005692,0.0,3.0
108.96,214.08,169.44,-0.005692,0.0,3.0
109.46,214.58,169.44,-0.005692,0.0,3.0
109.96,215.08,169.43,-0.005692,0.0,3.0
110.46,215.58,169.43,-0.005692,0.0,3.0
110.96,216.08,169.43,-0.005692,0.0,3.0
111.46,216.58,169.42,-0.005692,0.0,3.0
111.96,217.08,169.42,-0.005692,0.0,3.0
112.46,217.58,169.42,-0.005692,0.0,3.0
112.96,218.08,169.42,-0.005692,0.0,3.0
113.46,218.58,169.41,-0.005692,0.0,3.0
113.96,219.08,169.41,-0.005692,0.0,3.0
114.46,219.58,169.41,-0.005692,0.0,3.0
114.96,220.08,169.4,-0.005692,0.0,3.0
115.46,220.58,169.4,-0.005692,0.0,3.0
115.96,221.08,169.4,-0.005692,0.0,3.0
116.46,221.58,169.4,-0.005692,0.0,3.0
116.96,222.08,169.39,-0.005692,0.0,3.0
117.46,222.58,169.39,-0.005692,0.0,3.0
117.96,223.08,169.39,-0.005692,0.0,3.0
118.46,223.58,169.38,-0.005692,0.0,3.0
118.96,224.08,169.38,-0.005692,0.0,3.0
119.46,224.58,169.38,-0.005692,0.0,3.0
119.96,225.08,169.38,-0.005692,0.0,3.0
120.46,225.58,169.37,-0.005692,0.0,3.0
120.96,226.08,169.37,-0.005692,0.0,3.0
121.46,226.58,169.37,-0.005692,0.0,3.0
121.96,227.08,169.36,-0.005692,0.0,3.0
122.46,227.58,169.36,-0.005692,0.0,3.0
122.96,228.08,169.36,-0.005692,0.0,3.0
123.46,228.58,169.36,-0.005692,0.0,3.0
123.96,229.08,169.35,-0.005692,0.0,3.0
124.46,229.58,169.35,-0.005692,0.0,3.0
124.96,230.08,169.35,-0.005692,0.0,3.0
125.46,230.58,169.34,-0.005692,0.0,3.0
125.96,231.08,169.34,-0.005692,0.0,3.0
126.46,231.58,169.34,-0.005692,0.0,3.0
126.96,232.08,169.34,-0.005692,0.0,3.0
127.46,232.58,169.33,-0.005692,0.0,3.0
127.96,233.08,169.33,-0.005692,0.0,3.0
128.46,233.58,169.33,-0.005692,0.0,3.0
128.96,234.08,169.32,-0.005692,0.0,3.0
129.46,234.58,169.32,-0.005692,0.0,3.0
129.96,235.08,169.32,-0.005692,0.0,3.0
130.46,235.58,169.32,-0.005692,0.0,3.0
130.96,236.08,169.31,-0.005692,0.0,3.0
131.46,236.58,169.31,-0.005692,0.0,3.0
131.96,237.08,169.31,-0.005692,0.0,3.0
132.46,237.58,169.3,-0.005692,0.0,3.0
132.96,238.08,169.3,-0.005692,0.0,3.0
133.46,238.58,169.3,-0.005692,0.0,3.0
133.96,239.08,169.3,-0.005692,0.0,3.0
134.46,239.58,169.29,-0.005692,0.0,3.0
134.96,240.08,169.29,-0.005692,0.0,3.0
135.46,240.58,169.29,-0.005692,0.0,3.0
135.96,241.08,169.28,-0.005692,0.0,3.0
136.46,241.58,169.28,-0.005692,0.0,3.0
136.96,242.08,169.28,-0.005692,0.0,3.0
137.46,242.58,169.28,-0.005692,0.0,3.0
137.96,243.08,169.27,-0.005692,0.0,3.0
138.46,243.58,169.27,-0.005692,0.0,3.0
138.96,244.08,169.27,-0.005692,0.0,3.0
139.46,244.58,169.26,-0.005692,0.0,3.0
139.96,245.08,169.26,-0.005692,0.0,3.0
140.46,245.58,169.26,-0.005692,0.0,3.0
140.96,246.08,169.26,-0.005692,0.0,3.0
141.78,246.9,169.25,-0.005692,-0.0,3.0
142.28,247.4,169.25,-0.005692,1e-06,3.0
142.78,247.9,169.25,-0.005692,0.0,3.0
143.28,248.4,169.24,-0.005692,0.0,3.0
143.78,248.9,169.24,-0.005692,0.0,3.0
144.28,249.4,169.24,-0.005692,0.0,3.0
144.78,249.9,169.23,-0.005692,0.0,3.0
145.28,250.4,169.23,-0.005692,0.0,3.0
145.78,250.9,169.23,-0.005692,0.0,3.0
146.28,251.4,169.23,-0.005692,0.0,3.0
146.78,251.9,169.22,-0.005692,0.0,3.0
147.28,252.4,169.22,-0.005692,0.0,3.0
147.78,252.9,169.22,-0.005692,0.0,3.0
148.28,253.4,169.21,-0.005692,0.0,3.0
148.78,253.9,169.21,-0.005692,0.0,3.0
149.28,254.4,169.21,-0.005692,0.0,3.0
149.78,254.9,169.21,-0.005692,0.0,3.0
150.28,255.4,169.2,-0.005692,0.0,3.0
150.78,255.9,169.2,-0.005692,0.0,3.0
151.28,256.4,169.2,-0.005692,0.0,3.0
151.78,256.9,169.19,-0.005692,0.0,3.0
152.28,257.4,169.19,-0.005692,0.0,3.0
152.78,257.9,169.19,-0.005692,0.0,3.0
153.28,258.4,169.19,-0.005692,0.0,3.0
153.78,258.9,169.18,-0.005692,0.0,3.0
154.28,259.4,169.18,-0.005692,0.0,3.0
154.78,259.9,169.18,-0.005692,0.0,3.0
155.28,260.4,169.17,-0.005692,0.0,3.0
155.78,260.9,169.17,-0.005692,0.0,3.0
156.28,261.4,169.17,-0.005692,0.0,3.0
156.78,261.9,169.17,-0.005692,0.0,3.0
157.28,262.4,169.16,-0.005692,0.0,3.0
157.78,262.9,169.16,-0.005692,0.0,3.0
158.28,263.4,169.16,-0.005692,0.0,3.0
158.78,263.9,169.15,-0.005692,0.0,3.0
159.28,264.4,169.15,-0.005692,0.0,3.0
159.78,264.9,169.15,-0.005692,0.0,3.0
160.28,265.4,169.15,-0.005692,0.0,3.0
161.15,266.27,169.14,-0.005692,0.0,3.0
161.65,266.77,169.14,-0.005692,0.0,3.0
162.15,267.27,169.14,-0.005692,0.0,3.0
162.65,267.77,169.13,-0.005692,0.0,3.0
163.15,268.27,169.13,-0.005692,0.0,3.0
163.65,268.77,169.13,-0.005692,0.0,3.0
164.15,269.27,169.12,-0.005692,0.0,3.0
164.65,269.77,169.12,-0.005692,0.0,3.0
165.15,270.27,169.12,-0.005692,0.0,3.0
165.65,270.77,169.12,-0.005692,0.0,3.0
166.15,271.27,169.11,-0.005692,0.0,3.0
166.65,271.77,169.11,-0.005692,0.0,3.0
167.15,272.27,169.11,-0.005692,0.0,3.0
167.65,272.77,169.1,-0.005692,0.0,3.0
168.15,273.27,169.1,-0.005692,0.0,3.0
168.65,273.77,169.1,-0.005692,0.0,3.0
169.15,274.27,169.1,-0.005692,0.0,3.0
169.65,274.77,169.09,-0.005692,0.0,3.0
170.15,275.27,169.09,-0.005692,0.0,3.0
170.65,275.77,169.09,-0.005692,0.0,3.0
171.15,276.27,169.08,-0.005692,0.0,3.0
171.65,276.77,169.08,-0.005692,0.0,3.0
172.15,277.27,169.08,-0.005692,0.0,2.898
172.65,277.77,169.08,-0.005692,0.0,2.793
173.15,278.27,169.07,-0.005692,0.0,2.683
173.65,278.77,169.07,-0.005692,0.0,2.569
174.15,279.27,169.07,-0.005692,0.0,2.449
174.65,279.77,169.06,-0.005692,0.0,2.324
175.15,280.27,169.06,-0.005692,0.0,2.191
175.65,280.77,169.06,-0.005692,0.0,2.049
176.15,281.27,169.06,-0.005692,0.0,1.897
176.65,281.77,169.05,-0.005692,0.0,1.732
177.15,282.27,169.05,-0.005692,0.0,1.549
177.65,282.77,169.05,-0.005692,0.0,1.342
178.15,283.27,169.04,-0.005692,0.0,0.0
178.65,283.77,169.04,-0.005692,0.0,0.0
179.15,284.27,169.04,-0.005692,0.0,0.0
